#
# A fatal error has been detected by the Java Runtime Environment:
#
#  SIGSEGV (0xb) at pc=0x00007fc60e727326, pid=21960, tid=22066
#
# JRE version: OpenJDK Runtime Environment (21.0.12+8) (build 21.0.12+8)
# Java VM: OpenJDK 64-Bit Server VM (21.0.12+8, mixed mode, sharing, tiered, compressed oops, compressed class ptrs, g1 gc, linux-amd64)
# Problematic frame:
# V  [libjvm.so+0x727326]
#
# Core dump will be written. Default location: Determined by the following: "/usr/lib/systemd/systemd-coredump %P %u %g %s %t %c %h %d %F %I" (alternatively, falling back to /home/toji/Documents/ASD-SEM3/ASD/core.21960)
#
# If you would like to submit a bug report, please visit:
#   https://bugreport.java.com/bugreport/crash.jsp
#

---------------  S U M M A R Y ------------

Command Line: -Declipse.application=org.eclipse.jdt.ls.core.id1 -Dosgi.bundles.defaultStartLevel=4 -Declipse.product=org.eclipse.jdt.ls.core.product -Dosgi.checkConfiguration=true -Dosgi.sharedConfiguration.area=/home/toji/.local/share/zed/extensions/work/java/jdtls/1.61.0/config_linux -Dosgi.sharedConfiguration.area.readOnly=true -Dosgi.configuration.cascaded=true -Djava.import.generatesMetadataFilesAtProjectRoot=false -Djava.net.preferIPv4Stack=true -Xms1G --add-modules=ALL-SYSTEM --add-opens=java.base/java.util=ALL-UNNAMED --add-opens=java.base/java.lang=ALL-UNNAMED -javaagent:/home/toji/.local/share/zed/extensions/work/java/lombok/lombok-1.18.48.jar /home/toji/.local/share/zed/extensions/work/java/jdtls/1.61.0/plugins/org.eclipse.equinox.launcher_1.8.0.v20260804-1928.jar -data /home/toji/.cache/jdtls-73e57a5a14ff6c1095b3e3e7bf90172e13ca8f39

Host: 12th Gen Intel(R) Core(TM) i5-12450H, 12 cores, 15G, CachyOS
Time: Thu Sep 10 12:24:44 2026 WIB elapsed time: 7.601202 seconds (0d 0h 0m 7s)

---------------  T H R E A D  ---------------

Current thread (0x00007fc57c7a6eb0):  JavaThread "C2 CompilerThread2" daemon [_thread_in_native, id=22066, stack(0x00007fc5dc625000,0x00007fc5dc725000) (1024K)]


Current CompileTask:
C2:7601 8203  s    4       org.eclipse.jdt.internal.core.JavaModelManager::getInfo (39 bytes)

Stack: [0x00007fc5dc625000,0x00007fc5dc725000],  sp=0x00007fc5dc720f40,  free space=1007k
Native frames: (J=compiled Java code, j=interpreted, Vv=VM code, C=native code)
V  [libjvm.so+0x727326]
V  [libjvm.so+0x729e14]
V  [libjvm.so+0x377ec6]
V  [libjvm.so+0x441a42]
V  [libjvm.so+0x44697f]
V  [libjvm.so+0x342375]
V  [libjvm.so+0x44cfca]
V  [libjvm.so+0x450c98]
V  [libjvm.so+0x79f12f]
V  [libjvm.so+0xe9ce2e]
V  [libjvm.so+0xbe3e56]

siginfo: si_signo: 11 (SIGSEGV), si_code: 128 (SI_KERNEL), si_addr: 0x0000000000000000

Registers:
RAX=0x00507f65e419ae80, RBX=0x00007fc5e41e6250, RCX=0x0000000000000000, RDX=0x0000000000000000
RSP=0x00007fc5dc720f40, RBP=0x00007fc5dc720fd0, RSI=0x00007fc5e41d13a0, RDI=0x0000000000000000
R8 =0x000000000000005a, R9 =0x0000000000400000, R10=0x00007fc5e41cd890, R11=0x00007fc5dc7212a0
R12=0x00007fc5dc7215c0, R13=0x000000000000005a, R14=0x00007fc5e419ae70, R15=0x00007fc581339e80
RIP=0x00007fc60e727326, EFLAGS=0x0000000000010246, CSGSFS=0x002b000000000033, ERR=0x0000000000000000
  TRAPNO=0x000000000000000d

XMM[0]=0x0000000000000000 0x3f353001daacbc5c
XMM[1]=0x0000000000000000 0x3f353001daacbc5c
XMM[2]=0x0000000000000000 0x0000000000000000
XMM[3]=0x0000000000000000 0x3ebca0922c968e06
XMM[4]=0x0000000000000000 0x0000000000000000
XMM[5]=0x0000000000000000 0x7fefffffffffffff
XMM[6]=0x00007fc57c20e230 0x00007fc57c20dd88
XMM[7]=0x0000000000000000 0x0000000000000000
XMM[8]=0x00007fc5e0248b60 0x00007fc5e024b1b8
XMM[9]=0x800000c0800000c0 0x800000c0800000c0
XMM[10]=0x8000000080000000 0x8000000080000000
XMM[11]=0x000000c0000000c0 0x000000c0000000c0
XMM[12]=0xffffffffffffffff 0xffffffffffffffff
XMM[13]=0x0000000400000004 0x0000000400000004
XMM[14]=0xf0000000f0000000 0xf0000000f0000000
XMM[15]=0x0000000000000000 0x0000000000000000
  MXCSR=0x00001fa2


Register to memory mapping:

RAX=0x00507f65e419ae80 is an unknown value
RBX=0x00007fc5e41e6250 points into unknown readable memory: 0x3f4fc802c8031a8a | 8a 1a 03 c8 02 c8 4f 3f
RCX=0x0 is null
RDX=0x0 is null
RSP=0x00007fc5dc720f40 is pointing into the stack for thread: 0x00007fc57c7a6eb0
RBP=0x00007fc5dc720fd0 is pointing into the stack for thread: 0x00007fc57c7a6eb0
RSI=0x00007fc5e41d13a0 points into unknown readable memory: 0x3f86c4b63ac05aad | ad 5a c0 3a b6 c4 86 3f
RDI=0x0 is null
R8 =0x000000000000005a is an unknown value
R9 =0x0000000000400000 is an unknown value
R10=0x00007fc5e41cd890 points into unknown readable memory: 0x0000000000000000 | 00 00 00 00 00 00 00 00
R11=0x00007fc5dc7212a0 is pointing into the stack for thread: 0x00007fc57c7a6eb0
R12=0x00007fc5dc7215c0 is pointing into the stack for thread: 0x00007fc57c7a6eb0
R13=0x000000000000005a is an unknown value
R14=0x00007fc5e419ae70 points into unknown readable memory: 0x0000000000000000 | 00 00 00 00 00 00 00 00
R15=0x00007fc581339e80 points into unknown readable memory: 0x00007fc60f3530e8 | e8 30 35 0f c6 7f 00 00

Top of Stack: (sp=0x00007fc5dc720f40)
0x00007fc5dc720f40:   00007fc5dc7215c0 0000000000000258   ..r.....X.......
0x00007fc5dc720f50:   0000000000017700 0000000000003138   .w......81......
0x00007fc5dc720f60:   00007fc5e41cd890 00000258dc721060   ........`.r.X...
0x00007fc5dc720f70:   0000000000000204 000000020000005a   ........Z.......
0x00007fc5dc720f80:   0000000300000001 00007fc5842a45e0   .........E*.....
0x00007fc5dc720f90:   00007fc5dc721110 00007fc5dc721100   ..r.......r.....
0x00007fc5dc720fa0:   0000000000027a80 0000000000000258   .z......X.......
0x00007fc5dc720fb0:   00007fc58446c4f8 0000000000000006   ..F.............
0x00007fc5dc720fc0:   0000000000000000 00007fc581339e80   ..........3.....
0x00007fc5dc720fd0:   00007fc5dc7211d0 00007fc60e729e14   ..r.......r.....
0x00007fc5dc720fe0:   0000000700007fd8 00007fc5dc7215c0   ..........r.....
0x00007fc5dc720ff0:   0000000000000002 0000000000000258   ........X.......
0x00007fc5dc721000:   00007fc5e41cd890 000000000000015c   ........\.......
0x00007fc5dc721010:   00007fc5dc7215c0 00007fc5e41e6250   ..r.....Pb......
0x00007fc5dc721020:   0000000000000007 0000000000000008   ................
0x00007fc5dc721030:   0000000e0000000d 0000000800000008   ................
0x00007fc5dc721040:   0000000000000030 00007fc5dc7215c0   0.........r.....
0x00007fc5dc721050:   00007fc60f45b210 0000001e0f6bbe07   ..E.......k.....
0x00007fc5dc721060:   0000000800000007 0000000d00000008   ................
0x00007fc5dc721070:   00007fc600000000 00007fc5e421b4e0   ..........!.....
0x00007fc5dc721080:   0000000800000000 0000000e00000000   ................
0x00007fc5dc721090:   00007fc500000000 00007fc60ee9d389   ................
0x00007fc5dc7210a0:   0000000000000000 0000000000000000   ................
0x00007fc5dc7210b0:   00007fc5dc721100 00007fc60e1c6500   ..r......e......
0x00007fc5dc7210c0:   00007fc5843e3d50 00007fc60f06b4f8   P=>.............
0x00007fc5dc7210d0:   0000000000000000 0000000000000000   ................
0x00007fc5dc7210e0:   0000000000000000 00007fc60f06b4f8   ................
0x00007fc5dc7210f0:   0000000000000000 00007fc5e411f8c0   ................
0x00007fc5dc721100:   0000000300000010 00007fc5dc721110   ..........r.....
0x00007fc5dc721110:   00007fc5842a45e0 00007fc60f46dda0   .E*.......F.....
0x00007fc5dc721120:   00007fc5842a45c0 00007fc60f46dda0   .E*.......F.....
0x00007fc5dc721130:   00007fc60f46dda0 00007fc60f46dda0   ..F.......F.....

Instructions: (pc=0x00007fc60e727326)
0x00007fc60e727226:   53 20 4c 01 d6 8b 8e 94 00 00 00 39 c1 0f 47 c8
0x00007fc60e727236:   8b 86 90 00 00 00 39 d0 0f 42 c2 39 c1 0f 82 27
0x00007fc60e727246:   01 00 00 89 cf 29 c7 83 ff 03 0f 86 92 01 00 00
0x00007fc60e727256:   83 f9 ff 0f 84 8a 02 00 00 4c 8b 7c 24 18 41 89
0x00007fc60e727266:   c6 83 c7 01 89 fa 4f 8d 4c 3e 07 4c 8b 7c 24 20
0x00007fc60e727276:   c1 ea 02 4f 8d 3c cf 4f 8d 0c 80 4f 8d 4c 88 07
0x00007fc60e727286:   4d 01 f1 c4 81 7e 6f 04 ca c4 c1 7d db 07 83 fa
0x00007fc60e727296:   01 74 11 c4 c1 7e 6f 4f 20 c4 81 75 db 4c ca 20
0x00007fc60e7272a6:   c5 fd eb c1 c4 e3 7d 39 c1 01 c1 e2 02 c5 f1 eb
0x00007fc60e7272b6:   c0 c5 f1 73 d8 08 c5 f9 eb c1 c4 c1 f9 7e c1 39
0x00007fc60e7272c6:   d7 74 3a 01 d0 48 8b 7c c3 38 48 89 c2 48 23 7c
0x00007fc60e7272d6:   c6 38 8d 40 01 49 09 f9 39 c1 72 21 48 8b 7c c3
0x00007fc60e7272e6:   38 83 c2 02 48 23 7c c6 38 49 09 f9 39 d1 72 0d
0x00007fc60e7272f6:   48 8b 44 d6 38 48 23 44 d3 38 49 09 c1 4d 85 c9
0x00007fc60e727306:   74 68 4d 8b 73 10 44 39 6c 24 2c 0f 82 b1 00 00
0x00007fc60e727316:   00 4c 03 74 24 10 49 8b 46 08 44 89 ea c1 ea 08
0x00007fc60e727326:   48 8b 04 d0 48 3b 05 c7 e5 cf 00 0f 84 d6 01 00
0x00007fc60e727336:   00 be 01 00 00 00 c4 e2 91 f7 d6 41 c1 ed 06 48
0x00007fc60e727346:   89 d6 41 83 e5 03 4a 8d 0c e8 48 8b 01 48 09 c6
0x00007fc60e727356:   48 89 31 48 85 c2 75 12 41 83 06 01 0f 1f 00 66
0x00007fc60e727366:   66 2e 0f 1f 84 00 00 00 00 00 48 8b 44 24 30 48
0x00007fc60e727376:   85 c0 0f 85 62 fe ff ff 83 7c 24 3c 03 76 0a 8b
0x00007fc60e727386:   44 24 44 39 44 24 40 73 21 48 8d 7c 24 30 c5 f8
0x00007fc60e727396:   77 67 e8 e3 b2 00 00 41 89 c5 45 85 ed 0f 85 60
0x00007fc60e7273a6:   fe ff ff 0f 1f 80 00 00 00 00 c5 f8 77 48 8d 65
0x00007fc60e7273b6:   d8 5b 41 5c 41 5d 41 5e 41 5f 5d c3 66 0f 1f 44
0x00007fc60e7273c6:   00 00 8b 44 24 2c 85 c0 74 a0 4b 8d 04 80 44 8b
0x00007fc60e7273d6:   6c 24 2c 48 c1 e0 05 49 01 c6 e9 37 ff ff ff 0f
0x00007fc60e7273e6:   1f 00 89 c2 4c 8b 4c d3 38 4c 23 4c d6 38 8d 50
0x00007fc60e7273f6:   01 39 d1 0f 82 04 ff ff ff 48 8b 7c d3 38 48 23
0x00007fc60e727406:   7c d6 38 8d 50 02 49 09 f9 39 d1 0f 82 ec fe ff
0x00007fc60e727416:   ff 48 8b 7c d6 38 48 23 7c d3 38 8d 50 03 49 09


Stack slot to memory mapping:

stack at sp + 0 slots: 0x00007fc5dc7215c0 is pointing into the stack for thread: 0x00007fc57c7a6eb0
stack at sp + 1 slots: 0x0000000000000258 is an unknown value
stack at sp + 2 slots: 0x0000000000017700 is an unknown value
stack at sp + 3 slots: 0x0000000000003138 is an unknown value
stack at sp + 4 slots: 0x00007fc5e41cd890 points into unknown readable memory: 0x0000000000000000 | 00 00 00 00 00 00 00 00
stack at sp + 5 slots: 0x00000258dc721060 is an unknown value
stack at sp + 6 slots: 0x0000000000000204 is an unknown value
stack at sp + 7 slots: 0x000000020000005a is an unknown value


---------------  P R O C E S S  ---------------

Threads class SMR info:
_java_thread_list=0x00007fc57c7a7970, length=47, elements={
0x00007fc60801c670, 0x00007fc6082bc6b0, 0x00007fc6082bdc30, 0x00007fc6082bf3d0,
0x00007fc6082c0a20, 0x00007fc6082c1fd0, 0x00007fc6082c3b20, 0x00007fc6082c51f0,
0x00007fc57c099430, 0x00007fc60832cec0, 0x00007fc608347fe0, 0x00007fc6085b0b80,
0x00007fc5e4001e60, 0x00007fc6085b5b40, 0x00007fc6085ba9c0, 0x00007fc6085bbb80,
0x00007fc6085bd170, 0x00007fc6085df710, 0x00007fc60862e8a0, 0x00005569d4ba2850,
0x00005569d4ba3a70, 0x00005569d4ba4d70, 0x00005569d4ba5f90, 0x00005569d4ba9620,
0x00007fc5803fef70, 0x00005569d4ba82f0, 0x00007fc608631d20, 0x00007fc5e43b8b10,
0x00007fc5e47e6060, 0x00007fc5e497ff40, 0x00007fc5e4a3ff50, 0x00007fc5e4a4ce20,
0x00007fc5e4ff2d90, 0x00007fc57400c6c0, 0x00007fc5d40087c0, 0x00007fc60867e2b0,
0x00007fc60871fac0, 0x00007fc608720e60, 0x00007fc5d40195e0, 0x00007fc5e80126b0,
0x00007fc574093d20, 0x00005569d4cafa60, 0x00007fc580e0e7f0, 0x00007fc5e0415c90,
0x00007fc5e04168a0, 0x00007fc5e04846f0, 0x00007fc57c7a6eb0
}

Java Threads: ( => current thread )
  0x00007fc60801c670 JavaThread "main"                              [_thread_blocked, id=21970, stack(0x00007fc60f500000,0x00007fc60f600000) (1024K)]
  0x00007fc6082bc6b0 JavaThread "Reference Handler"          daemon [_thread_blocked, id=21978, stack(0x00007fc5dd100000,0x00007fc5dd200000) (1024K)]
  0x00007fc6082bdc30 JavaThread "Finalizer"                  daemon [_thread_blocked, id=21979, stack(0x00007fc5dcfff000,0x00007fc5dd0ff000) (1024K)]
  0x00007fc6082bf3d0 JavaThread "Signal Dispatcher"          daemon [_thread_blocked, id=21980, stack(0x00007fc5dcefe000,0x00007fc5dcffe000) (1024K)]
  0x00007fc6082c0a20 JavaThread "Service Thread"             daemon [_thread_blocked, id=21981, stack(0x00007fc5dcdfd000,0x00007fc5dcefd000) (1024K)]
  0x00007fc6082c1fd0 JavaThread "Monitor Deflation Thread"   daemon [_thread_blocked, id=21982, stack(0x00007fc5dccfc000,0x00007fc5dcdfc000) (1024K)]
  0x00007fc6082c3b20 JavaThread "C2 CompilerThread0"         daemon [_thread_in_native, id=21983, stack(0x00007fc5dcbfb000,0x00007fc5dccfb000) (1024K)]
  0x00007fc6082c51f0 JavaThread "C1 CompilerThread0"         daemon [_thread_blocked, id=21984, stack(0x00007fc5dcafa000,0x00007fc5dcbfa000) (1024K)]
  0x00007fc57c099430 JavaThread "C2 CompilerThread1"         daemon [_thread_in_native, id=21985, stack(0x00007fc5dc928000,0x00007fc5dca28000) (1024K)]
  0x00007fc60832cec0 JavaThread "Common-Cleaner"             daemon [_thread_blocked, id=21986, stack(0x00007fc5dc827000,0x00007fc5dc927000) (1024K)]
  0x00007fc608347fe0 JavaThread "Notification Thread"        daemon [_thread_blocked, id=21987, stack(0x00007fc5dc726000,0x00007fc5dc826000) (1024K)]
  0x00007fc6085b0b80 JavaThread "Equinox resolver thread - Equinox Container: 496fad00-bbff-47a6-a48f-a147002068e9" daemon [_thread_blocked, id=21992, stack(0x00007fc5dc524000,0x00007fc5dc624000) (1024K)]
  0x00007fc5e4001e60 JavaThread "Equinox resolver thread - Equinox Container: 496fad00-bbff-47a6-a48f-a147002068e9" daemon [_thread_blocked, id=21993, stack(0x00007fc5dc423000,0x00007fc5dc523000) (1024K)]
  0x00007fc6085b5b40 JavaThread "Equinox resolver thread - Equinox Container: 496fad00-bbff-47a6-a48f-a147002068e9" daemon [_thread_blocked, id=22003, stack(0x00007fc58a9fb000,0x00007fc58aafb000) (1024K)]
  0x00007fc6085ba9c0 JavaThread "Equinox resolver thread - Equinox Container: 496fad00-bbff-47a6-a48f-a147002068e9" daemon [_thread_blocked, id=22004, stack(0x00007fc58a8fa000,0x00007fc58a9fa000) (1024K)]
  0x00007fc6085bbb80 JavaThread "Equinox resolver thread - Equinox Container: 496fad00-bbff-47a6-a48f-a147002068e9" daemon [_thread_blocked, id=22005, stack(0x00007fc58a7f9000,0x00007fc58a8f9000) (1024K)]
  0x00007fc6085bd170 JavaThread "Equinox resolver thread - Equinox Container: 496fad00-bbff-47a6-a48f-a147002068e9" daemon [_thread_blocked, id=22006, stack(0x00007fc58a6f8000,0x00007fc58a7f8000) (1024K)]
  0x00007fc6085df710 JavaThread "Active Thread: Equinox Container: 496fad00-bbff-47a6-a48f-a147002068e9"        [_thread_blocked, id=22007, stack(0x00007fc58a5f7000,0x00007fc58a6f7000) (1024K)]
  0x00007fc60862e8a0 JavaThread "Refresh Thread: Equinox Container: 496fad00-bbff-47a6-a48f-a147002068e9" daemon [_thread_blocked, id=22008, stack(0x00007fc58a4f6000,0x00007fc58a5f6000) (1024K)]
  0x00005569d4ba2850 JavaThread "Equinox resolver thread - Equinox Container: 496fad00-bbff-47a6-a48f-a147002068e9" daemon [_thread_blocked, id=22009, stack(0x00007fc58a3f5000,0x00007fc58a4f5000) (1024K)]
  0x00005569d4ba3a70 JavaThread "Equinox resolver thread - Equinox Container: 496fad00-bbff-47a6-a48f-a147002068e9" daemon [_thread_blocked, id=22010, stack(0x00007fc58a2f4000,0x00007fc58a3f4000) (1024K)]
  0x00005569d4ba4d70 JavaThread "Equinox resolver thread - Equinox Container: 496fad00-bbff-47a6-a48f-a147002068e9" daemon [_thread_blocked, id=22011, stack(0x00007fc58a1f3000,0x00007fc58a2f3000) (1024K)]
  0x00005569d4ba5f90 JavaThread "Equinox resolver thread - Equinox Container: 496fad00-bbff-47a6-a48f-a147002068e9" daemon [_thread_blocked, id=22012, stack(0x00007fc58a0f2000,0x00007fc58a1f2000) (1024K)]
  0x00005569d4ba9620 JavaThread "Equinox resolver thread - Equinox Container: 496fad00-bbff-47a6-a48f-a147002068e9" daemon [_thread_blocked, id=22013, stack(0x00007fc589ff1000,0x00007fc58a0f1000) (1024K)]
  0x00007fc5803fef70 JavaThread "Equinox resolver thread - Equinox Container: 496fad00-bbff-47a6-a48f-a147002068e9" daemon [_thread_blocked, id=22014, stack(0x00007fc589ef0000,0x00007fc589ff0000) (1024K)]
  0x00005569d4ba82f0 JavaThread "Framework Event Dispatcher: Equinox Container: 496fad00-bbff-47a6-a48f-a147002068e9" daemon [_thread_blocked, id=22015, stack(0x00007fc589def000,0x00007fc589eef000) (1024K)]
  0x00007fc608631d20 JavaThread "Start Level: Equinox Container: 496fad00-bbff-47a6-a48f-a147002068e9" daemon [_thread_blocked, id=22016, stack(0x00007fc589cee000,0x00007fc589dee000) (1024K)]
  0x00007fc5e43b8b10 JavaThread "Bundle File Closer"         daemon [_thread_blocked, id=22019, stack(0x00007fc589bed000,0x00007fc589ced000) (1024K)]
  0x00007fc5e47e6060 JavaThread "SCR Component Actor"        daemon [_thread_blocked, id=22020, stack(0x00007fc589914000,0x00007fc589a14000) (1024K)]
  0x00007fc5e497ff40 JavaThread "Worker-JM"                         [_thread_blocked, id=22021, stack(0x00007fc589aec000,0x00007fc589bec000) (1024K)]
  0x00007fc5e4a3ff50 JavaThread "Worker-0"                          [_thread_blocked, id=22022, stack(0x00007fc589813000,0x00007fc589913000) (1024K)]
  0x00007fc5e4a4ce20 JavaThread "Worker-1: Publish Diagnostics"        [_thread_in_Java, id=22023, stack(0x00007fc589712000,0x00007fc589812000) (1024K)]
  0x00007fc5e4ff2d90 JavaThread "Java indexing"              daemon [_thread_blocked, id=22030, stack(0x00007fc58940f000,0x00007fc58950f000) (1024K)]
  0x00007fc57400c6c0 JavaThread "Worker-2"                          [_thread_blocked, id=22033, stack(0x00007fc58930e000,0x00007fc58940e000) (1024K)]
  0x00007fc5d40087c0 JavaThread "Worker-3"                          [_thread_blocked, id=22034, stack(0x00007fc58920d000,0x00007fc58930d000) (1024K)]
  0x00007fc60867e2b0 JavaThread "pool-2-thread-1"                   [_thread_blocked, id=22035, stack(0x00007fc58910c000,0x00007fc58920c000) (1024K)]
  0x00007fc60871fac0 JavaThread "WorkspaceEventsHandler"            [_thread_blocked, id=22036, stack(0x00007fc58900b000,0x00007fc58910b000) (1024K)]
  0x00007fc608720e60 JavaThread "pool-1-thread-1"                   [_thread_in_native, id=22037, stack(0x00007fc588f0a000,0x00007fc58900a000) (1024K)]
  0x00007fc5d40195e0 JavaThread "Worker-4"                          [_thread_blocked, id=22038, stack(0x00007fc588e09000,0x00007fc588f09000) (1024K)]
  0x00007fc5e80126b0 JavaThread "Worker-5"                          [_thread_blocked, id=22040, stack(0x00007fc588d08000,0x00007fc588e08000) (1024K)]
  0x00007fc574093d20 JavaThread "Keep-Alive-Timer"           daemon [_thread_blocked, id=22041, stack(0x00007fc588c07000,0x00007fc588d07000) (1024K)]
  0x00005569d4cafa60 JavaThread "PatternSearchJob-worker-1"  daemon [_thread_blocked, id=22052, stack(0x00007fc588b06000,0x00007fc588c06000) (1024K)]
  0x00007fc580e0e7f0 JavaThread "PatternSearchJob-worker-2"  daemon [_thread_blocked, id=22053, stack(0x00007fc588a05000,0x00007fc588b05000) (1024K)]
  0x00007fc5e0415c90 JavaThread "ForkJoinPool.commonPool-worker-1" daemon [_thread_blocked, id=22059, stack(0x00007fc588904000,0x00007fc588a04000) (1024K)]
  0x00007fc5e04168a0 JavaThread "ForkJoinPool.commonPool-worker-2" daemon [_thread_blocked, id=22060, stack(0x00007fc588803000,0x00007fc588903000) (1024K)]
  0x00007fc5e04846f0 JavaThread "ForkJoinPool.commonPool-worker-3" daemon [_thread_blocked, id=22063, stack(0x00007fc588702000,0x00007fc588802000) (1024K)]
=>0x00007fc57c7a6eb0 JavaThread "C2 CompilerThread2"         daemon [_thread_in_native, id=22066, stack(0x00007fc5dc625000,0x00007fc5dc725000) (1024K)]
Total: 47

Other Threads:
  0x00007fc6082b34c0 VMThread "VM Thread"                           [id=21977, stack(0x00007fc5dd4f6000,0x00007fc5dd5f6000) (1024K)]
  0x00007fc6082a1ac0 WatcherThread "VM Periodic Task Thread"        [id=21976, stack(0x00007fc5dd5f7000,0x00007fc5dd6f7000) (1024K)]
  0x00007fc6080838d0 WorkerThread "GC Thread#0"                     [id=21971, stack(0x00007fc5ec590000,0x00007fc5ec690000) (1024K)]
  0x00007fc584164810 WorkerThread "GC Thread#1"                     [id=21994, stack(0x00007fc5dc322000,0x00007fc5dc422000) (1024K)]
  0x00007fc5841652a0 WorkerThread "GC Thread#2"                     [id=21995, stack(0x00007fc5dc221000,0x00007fc5dc321000) (1024K)]
  0x00007fc584165da0 WorkerThread "GC Thread#3"                     [id=21996, stack(0x00007fc5dc120000,0x00007fc5dc220000) (1024K)]
  0x00007fc5841668a0 WorkerThread "GC Thread#4"                     [id=21997, stack(0x00007fc5dc01f000,0x00007fc5dc11f000) (1024K)]
  0x00007fc5841673a0 WorkerThread "GC Thread#5"                     [id=21998, stack(0x00007fc58af00000,0x00007fc58b000000) (1024K)]
  0x00007fc584167ea0 WorkerThread "GC Thread#6"                     [id=21999, stack(0x00007fc58adff000,0x00007fc58aeff000) (1024K)]
  0x00007fc5841689e0 WorkerThread "GC Thread#7"                     [id=22000, stack(0x00007fc58acfe000,0x00007fc58adfe000) (1024K)]
  0x00007fc584169990 WorkerThread "GC Thread#8"                     [id=22001, stack(0x00007fc58abfd000,0x00007fc58acfd000) (1024K)]
  0x00007fc58416a4d0 WorkerThread "GC Thread#9"                     [id=22002, stack(0x00007fc58aafc000,0x00007fc58abfc000) (1024K)]
  0x00007fc6080944d0 ConcurrentGCThread "G1 Main Marker"            [id=21972, stack(0x00007fc5ec48f000,0x00007fc5ec58f000) (1024K)]
  0x00007fc608095480 WorkerThread "G1 Conc#0"                       [id=21973, stack(0x00007fc5ec38e000,0x00007fc5ec48e000) (1024K)]
  0x00007fc5e0002ec0 WorkerThread "G1 Conc#1"                       [id=22028, stack(0x00007fc589611000,0x00007fc589711000) (1024K)]
  0x00007fc5e0004db0 WorkerThread "G1 Conc#2"                       [id=22029, stack(0x00007fc589510000,0x00007fc589610000) (1024K)]
  0x00007fc60828f2f0 ConcurrentGCThread "G1 Refine#0"               [id=21974, stack(0x00007fc5dd7f9000,0x00007fc5dd8f9000) (1024K)]
  0x00007fc6082902c0 ConcurrentGCThread "G1 Service"                [id=21975, stack(0x00007fc5dd6f8000,0x00007fc5dd7f8000) (1024K)]
Total: 18

Threads with active compile tasks:
C2 CompilerThread0  7605 8246 % !   4       org.eclipse.jdt.internal.compiler.classfmt.ClassFileReader::<init> @ 81 (1968 bytes)
C1 CompilerThread0  7605 8295       3       org.eclipse.core.runtime.Path::isUNC (22 bytes)
C2 CompilerThread1  7605 8277       4       org.eclipse.jdt.core.compiler.CharOperation::concatWith (127 bytes)
C2 CompilerThread2  7605 8203  s    4       org.eclipse.jdt.internal.core.JavaModelManager::getInfo (39 bytes)
Total: 4

VM state: not at safepoint (normal execution)

VM Mutex/Monitor currently owned by a thread: None

Heap address: 0x000000070a400000, size: 3932 MB, Compressed Oops mode: Zero based, Oop shift amount: 3

CDS archive(s) mapped at: [0x00007fc58f000000-0x00007fc58fc9c000-0x00007fc58fc9c000), size 13221888, SharedBaseAddress: 0x00007fc58f000000, ArchiveRelocationMode: 1.
Compressed class space mapped at: 0x00007fc590000000-0x00007fc5d0000000, reserved size: 1073741824
Narrow klass base: 0x00007fc58f000000, Narrow klass shift: 0, Narrow klass range: 0x100000000

GC Precious Log:
 CardTable entry size: 512
 Card Set container configuration: InlinePtr #cards 4 size 8 Array Of Cards #cards 16 size 48 Howl #buckets 8 coarsen threshold 3686 Howl Bitmap #cards 512 size 80 coarsen threshold 460 Card regions per heap region 1 cards per card region 4096
 CPUs: 12 total, 12 available
 Memory: 15722M
 Large Page Support: Disabled
 NUMA Support: Disabled
 Compressed Oops: Enabled (Zero based)
 Heap Region Size: 2M
 Heap Min Capacity: 1G
 Heap Initial Capacity: 1G
 Heap Max Capacity: 3932M
 Pre-touch: Disabled
 Parallel Workers: 10
 Concurrent Workers: 3
 Concurrent Refinement Workers: 10
 Periodic GC: Disabled

Heap:
 garbage-first heap   total 1048576K, used 95815K [0x000000070a400000, 0x0000000800000000)
  region size 2048K, 28 young (57344K), 3 survivors (6144K)
 Metaspace       used 65278K, committed 66624K, reserved 1114112K
  class space    used 6933K, committed 7488K, reserved 1048576K

Heap Regions: E=young(eden), S=young(survivor), O=old, HS=humongous(starts), HC=humongous(continues), CS=collection set, F=free, TAMS=top-at-mark-start, PB=parsable bottom
|   0|0x000000070a400000, 0x000000070a600000, 0x000000070a600000|100%| O|  |TAMS 0x000000070a400000| PB 0x000000070a400000| Untracked 
|   1|0x000000070a600000, 0x000000070a800000, 0x000000070a800000|100%| O|  |TAMS 0x000000070a600000| PB 0x000000070a600000| Untracked 
|   2|0x000000070a800000, 0x000000070aa00000, 0x000000070aa00000|100%| O|  |TAMS 0x000000070a800000| PB 0x000000070a800000| Untracked 
|   3|0x000000070aa00000, 0x000000070ac00000, 0x000000070ac00000|100%| O|  |TAMS 0x000000070aa00000| PB 0x000000070aa00000| Untracked 
|   4|0x000000070ac00000, 0x000000070ae00000, 0x000000070ae00000|100%| O|  |TAMS 0x000000070ac00000| PB 0x000000070ac00000| Untracked 
|   5|0x000000070ae00000, 0x000000070b000000, 0x000000070b000000|100%| O|  |TAMS 0x000000070ae00000| PB 0x000000070ae00000| Untracked 
|   6|0x000000070b000000, 0x000000070b200000, 0x000000070b200000|100%| O|  |TAMS 0x000000070b000000| PB 0x000000070b000000| Untracked 
|   7|0x000000070b200000, 0x000000070b400000, 0x000000070b400000|100%| O|  |TAMS 0x000000070b200000| PB 0x000000070b200000| Untracked 
|   8|0x000000070b400000, 0x000000070b600000, 0x000000070b600000|100%| O|  |TAMS 0x000000070b400000| PB 0x000000070b400000| Untracked 
|   9|0x000000070b600000, 0x000000070b800000, 0x000000070b800000|100%| O|  |TAMS 0x000000070b600000| PB 0x000000070b600000| Untracked 
|  10|0x000000070b800000, 0x000000070ba00000, 0x000000070ba00000|100%| O|  |TAMS 0x000000070b800000| PB 0x000000070b800000| Untracked 
|  11|0x000000070ba00000, 0x000000070bc00000, 0x000000070bc00000|100%| O|  |TAMS 0x000000070ba00000| PB 0x000000070ba00000| Untracked 
|  12|0x000000070bc00000, 0x000000070be00000, 0x000000070be00000|100%| O|  |TAMS 0x000000070bc00000| PB 0x000000070bc00000| Untracked 
|  13|0x000000070be00000, 0x000000070c000000, 0x000000070c000000|100%| O|  |TAMS 0x000000070be00000| PB 0x000000070be00000| Untracked 
|  14|0x000000070c000000, 0x000000070c200000, 0x000000070c200000|100%| O|  |TAMS 0x000000070c000000| PB 0x000000070c000000| Untracked 
|  15|0x000000070c200000, 0x000000070c400000, 0x000000070c400000|100%| O|  |TAMS 0x000000070c200000| PB 0x000000070c200000| Untracked 
|  16|0x000000070c400000, 0x000000070c600000, 0x000000070c600000|100%| O|  |TAMS 0x000000070c400000| PB 0x000000070c400000| Untracked 
|  17|0x000000070c600000, 0x000000070c800000, 0x000000070c800000|100%| O|  |TAMS 0x000000070c600000| PB 0x000000070c600000| Untracked 
|  18|0x000000070c800000, 0x000000070ca00000, 0x000000070ca00000|100%| O|  |TAMS 0x000000070c800000| PB 0x000000070c800000| Untracked 
|  19|0x000000070ca00000, 0x000000070cc00000, 0x000000070cc00000|100%| O|  |TAMS 0x000000070ca00000| PB 0x000000070ca00000| Untracked 
|  20|0x000000070cc00000, 0x000000070cd136b0, 0x000000070ce00000| 53%| O|  |TAMS 0x000000070cc00000| PB 0x000000070cc00000| Untracked 
|  21|0x000000070ce00000, 0x000000070ce00000, 0x000000070d000000|  0%| F|  |TAMS 0x000000070ce00000| PB 0x000000070ce00000| Untracked 
|  22|0x000000070d000000, 0x000000070d000000, 0x000000070d200000|  0%| F|  |TAMS 0x000000070d000000| PB 0x000000070d000000| Untracked 
|  23|0x000000070d200000, 0x000000070d200000, 0x000000070d400000|  0%| F|  |TAMS 0x000000070d200000| PB 0x000000070d200000| Untracked 
|  24|0x000000070d400000, 0x000000070d400000, 0x000000070d600000|  0%| F|  |TAMS 0x000000070d400000| PB 0x000000070d400000| Untracked 
|  25|0x000000070d600000, 0x000000070d600000, 0x000000070d800000|  0%| F|  |TAMS 0x000000070d600000| PB 0x000000070d600000| Untracked 
|  26|0x000000070d800000, 0x000000070d800000, 0x000000070da00000|  0%| F|  |TAMS 0x000000070d800000| PB 0x000000070d800000| Untracked 
|  27|0x000000070da00000, 0x000000070da00000, 0x000000070dc00000|  0%| F|  |TAMS 0x000000070da00000| PB 0x000000070da00000| Untracked 
|  28|0x000000070dc00000, 0x000000070dc00000, 0x000000070de00000|  0%| F|  |TAMS 0x000000070dc00000| PB 0x000000070dc00000| Untracked 
|  29|0x000000070de00000, 0x000000070de00000, 0x000000070e000000|  0%| F|  |TAMS 0x000000070de00000| PB 0x000000070de00000| Untracked 
|  30|0x000000070e000000, 0x000000070e000000, 0x000000070e200000|  0%| F|  |TAMS 0x000000070e000000| PB 0x000000070e000000| Untracked 
|  31|0x000000070e200000, 0x000000070e200000, 0x000000070e400000|  0%| F|  |TAMS 0x000000070e200000| PB 0x000000070e200000| Untracked 
|  32|0x000000070e400000, 0x000000070e400000, 0x000000070e600000|  0%| F|  |TAMS 0x000000070e400000| PB 0x000000070e400000| Untracked 
|  33|0x000000070e600000, 0x000000070e600000, 0x000000070e800000|  0%| F|  |TAMS 0x000000070e600000| PB 0x000000070e600000| Untracked 
|  34|0x000000070e800000, 0x000000070e800000, 0x000000070ea00000|  0%| F|  |TAMS 0x000000070e800000| PB 0x000000070e800000| Untracked 
|  35|0x000000070ea00000, 0x000000070ea00000, 0x000000070ec00000|  0%| F|  |TAMS 0x000000070ea00000| PB 0x000000070ea00000| Untracked 
|  36|0x000000070ec00000, 0x000000070ec00000, 0x000000070ee00000|  0%| F|  |TAMS 0x000000070ec00000| PB 0x000000070ec00000| Untracked 
|  37|0x000000070ee00000, 0x000000070ee00000, 0x000000070f000000|  0%| F|  |TAMS 0x000000070ee00000| PB 0x000000070ee00000| Untracked 
|  38|0x000000070f000000, 0x000000070f000000, 0x000000070f200000|  0%| F|  |TAMS 0x000000070f000000| PB 0x000000070f000000| Untracked 
|  39|0x000000070f200000, 0x000000070f200000, 0x000000070f400000|  0%| F|  |TAMS 0x000000070f200000| PB 0x000000070f200000| Untracked 
|  40|0x000000070f400000, 0x000000070f400000, 0x000000070f600000|  0%| F|  |TAMS 0x000000070f400000| PB 0x000000070f400000| Untracked 
|  41|0x000000070f600000, 0x000000070f600000, 0x000000070f800000|  0%| F|  |TAMS 0x000000070f600000| PB 0x000000070f600000| Untracked 
|  42|0x000000070f800000, 0x000000070f800000, 0x000000070fa00000|  0%| F|  |TAMS 0x000000070f800000| PB 0x000000070f800000| Untracked 
|  43|0x000000070fa00000, 0x000000070fa00000, 0x000000070fc00000|  0%| F|  |TAMS 0x000000070fa00000| PB 0x000000070fa00000| Untracked 
|  44|0x000000070fc00000, 0x000000070fc00000, 0x000000070fe00000|  0%| F|  |TAMS 0x000000070fc00000| PB 0x000000070fc00000| Untracked 
|  45|0x000000070fe00000, 0x000000070fe00000, 0x0000000710000000|  0%| F|  |TAMS 0x000000070fe00000| PB 0x000000070fe00000| Untracked 
|  46|0x0000000710000000, 0x0000000710000000, 0x0000000710200000|  0%| F|  |TAMS 0x0000000710000000| PB 0x0000000710000000| Untracked 
|  47|0x0000000710200000, 0x0000000710200000, 0x0000000710400000|  0%| F|  |TAMS 0x0000000710200000| PB 0x0000000710200000| Untracked 
|  48|0x0000000710400000, 0x0000000710400000, 0x0000000710600000|  0%| F|  |TAMS 0x0000000710400000| PB 0x0000000710400000| Untracked 
|  49|0x0000000710600000, 0x0000000710600000, 0x0000000710800000|  0%| F|  |TAMS 0x0000000710600000| PB 0x0000000710600000| Untracked 
|  50|0x0000000710800000, 0x0000000710800000, 0x0000000710a00000|  0%| F|  |TAMS 0x0000000710800000| PB 0x0000000710800000| Untracked 
|  51|0x0000000710a00000, 0x0000000710a00000, 0x0000000710c00000|  0%| F|  |TAMS 0x0000000710a00000| PB 0x0000000710a00000| Untracked 
|  52|0x0000000710c00000, 0x0000000710c00000, 0x0000000710e00000|  0%| F|  |TAMS 0x0000000710c00000| PB 0x0000000710c00000| Untracked 
|  53|0x0000000710e00000, 0x0000000710e00000, 0x0000000711000000|  0%| F|  |TAMS 0x0000000710e00000| PB 0x0000000710e00000| Untracked 
|  54|0x0000000711000000, 0x0000000711000000, 0x0000000711200000|  0%| F|  |TAMS 0x0000000711000000| PB 0x0000000711000000| Untracked 
|  55|0x0000000711200000, 0x0000000711200000, 0x0000000711400000|  0%| F|  |TAMS 0x0000000711200000| PB 0x0000000711200000| Untracked 
|  56|0x0000000711400000, 0x0000000711400000, 0x0000000711600000|  0%| F|  |TAMS 0x0000000711400000| PB 0x0000000711400000| Untracked 
|  57|0x0000000711600000, 0x0000000711600000, 0x0000000711800000|  0%| F|  |TAMS 0x0000000711600000| PB 0x0000000711600000| Untracked 
|  58|0x0000000711800000, 0x0000000711800000, 0x0000000711a00000|  0%| F|  |TAMS 0x0000000711800000| PB 0x0000000711800000| Untracked 
|  59|0x0000000711a00000, 0x0000000711a00000, 0x0000000711c00000|  0%| F|  |TAMS 0x0000000711a00000| PB 0x0000000711a00000| Untracked 
|  60|0x0000000711c00000, 0x0000000711c00000, 0x0000000711e00000|  0%| F|  |TAMS 0x0000000711c00000| PB 0x0000000711c00000| Untracked 
|  61|0x0000000711e00000, 0x0000000711e00000, 0x0000000712000000|  0%| F|  |TAMS 0x0000000711e00000| PB 0x0000000711e00000| Untracked 
|  62|0x0000000712000000, 0x0000000712000000, 0x0000000712200000|  0%| F|  |TAMS 0x0000000712000000| PB 0x0000000712000000| Untracked 
|  63|0x0000000712200000, 0x0000000712200000, 0x0000000712400000|  0%| F|  |TAMS 0x0000000712200000| PB 0x0000000712200000| Untracked 
|  64|0x0000000712400000, 0x0000000712400000, 0x0000000712600000|  0%| F|  |TAMS 0x0000000712400000| PB 0x0000000712400000| Untracked 
|  65|0x0000000712600000, 0x0000000712600000, 0x0000000712800000|  0%| F|  |TAMS 0x0000000712600000| PB 0x0000000712600000| Untracked 
|  66|0x0000000712800000, 0x0000000712800000, 0x0000000712a00000|  0%| F|  |TAMS 0x0000000712800000| PB 0x0000000712800000| Untracked 
|  67|0x0000000712a00000, 0x0000000712a00000, 0x0000000712c00000|  0%| F|  |TAMS 0x0000000712a00000| PB 0x0000000712a00000| Untracked 
|  68|0x0000000712c00000, 0x0000000712c00000, 0x0000000712e00000|  0%| F|  |TAMS 0x0000000712c00000| PB 0x0000000712c00000| Untracked 
|  69|0x0000000712e00000, 0x0000000712e00000, 0x0000000713000000|  0%| F|  |TAMS 0x0000000712e00000| PB 0x0000000712e00000| Untracked 
|  70|0x0000000713000000, 0x0000000713000000, 0x0000000713200000|  0%| F|  |TAMS 0x0000000713000000| PB 0x0000000713000000| Untracked 
|  71|0x0000000713200000, 0x0000000713200000, 0x0000000713400000|  0%| F|  |TAMS 0x0000000713200000| PB 0x0000000713200000| Untracked 
|  72|0x0000000713400000, 0x0000000713400000, 0x0000000713600000|  0%| F|  |TAMS 0x0000000713400000| PB 0x0000000713400000| Untracked 
|  73|0x0000000713600000, 0x0000000713600000, 0x0000000713800000|  0%| F|  |TAMS 0x0000000713600000| PB 0x0000000713600000| Untracked 
|  74|0x0000000713800000, 0x0000000713800000, 0x0000000713a00000|  0%| F|  |TAMS 0x0000000713800000| PB 0x0000000713800000| Untracked 
|  75|0x0000000713a00000, 0x0000000713a00000, 0x0000000713c00000|  0%| F|  |TAMS 0x0000000713a00000| PB 0x0000000713a00000| Untracked 
|  76|0x0000000713c00000, 0x0000000713c00000, 0x0000000713e00000|  0%| F|  |TAMS 0x0000000713c00000| PB 0x0000000713c00000| Untracked 
|  77|0x0000000713e00000, 0x0000000713e00000, 0x0000000714000000|  0%| F|  |TAMS 0x0000000713e00000| PB 0x0000000713e00000| Untracked 
|  78|0x0000000714000000, 0x0000000714000000, 0x0000000714200000|  0%| F|  |TAMS 0x0000000714000000| PB 0x0000000714000000| Untracked 
|  79|0x0000000714200000, 0x0000000714200000, 0x0000000714400000|  0%| F|  |TAMS 0x0000000714200000| PB 0x0000000714200000| Untracked 
|  80|0x0000000714400000, 0x0000000714400000, 0x0000000714600000|  0%| F|  |TAMS 0x0000000714400000| PB 0x0000000714400000| Untracked 
|  81|0x0000000714600000, 0x0000000714600000, 0x0000000714800000|  0%| F|  |TAMS 0x0000000714600000| PB 0x0000000714600000| Untracked 
|  82|0x0000000714800000, 0x0000000714800000, 0x0000000714a00000|  0%| F|  |TAMS 0x0000000714800000| PB 0x0000000714800000| Untracked 
|  83|0x0000000714a00000, 0x0000000714a00000, 0x0000000714c00000|  0%| F|  |TAMS 0x0000000714a00000| PB 0x0000000714a00000| Untracked 
|  84|0x0000000714c00000, 0x0000000714c00000, 0x0000000714e00000|  0%| F|  |TAMS 0x0000000714c00000| PB 0x0000000714c00000| Untracked 
|  85|0x0000000714e00000, 0x0000000714e00000, 0x0000000715000000|  0%| F|  |TAMS 0x0000000714e00000| PB 0x0000000714e00000| Untracked 
|  86|0x0000000715000000, 0x0000000715000000, 0x0000000715200000|  0%| F|  |TAMS 0x0000000715000000| PB 0x0000000715000000| Untracked 
|  87|0x0000000715200000, 0x0000000715200000, 0x0000000715400000|  0%| F|  |TAMS 0x0000000715200000| PB 0x0000000715200000| Untracked 
|  88|0x0000000715400000, 0x0000000715400000, 0x0000000715600000|  0%| F|  |TAMS 0x0000000715400000| PB 0x0000000715400000| Untracked 
|  89|0x0000000715600000, 0x0000000715600000, 0x0000000715800000|  0%| F|  |TAMS 0x0000000715600000| PB 0x0000000715600000| Untracked 
|  90|0x0000000715800000, 0x0000000715800000, 0x0000000715a00000|  0%| F|  |TAMS 0x0000000715800000| PB 0x0000000715800000| Untracked 
|  91|0x0000000715a00000, 0x0000000715a00000, 0x0000000715c00000|  0%| F|  |TAMS 0x0000000715a00000| PB 0x0000000715a00000| Untracked 
|  92|0x0000000715c00000, 0x0000000715c00000, 0x0000000715e00000|  0%| F|  |TAMS 0x0000000715c00000| PB 0x0000000715c00000| Untracked 
|  93|0x0000000715e00000, 0x0000000715e00000, 0x0000000716000000|  0%| F|  |TAMS 0x0000000715e00000| PB 0x0000000715e00000| Untracked 
|  94|0x0000000716000000, 0x0000000716000000, 0x0000000716200000|  0%| F|  |TAMS 0x0000000716000000| PB 0x0000000716000000| Untracked 
|  95|0x0000000716200000, 0x0000000716200000, 0x0000000716400000|  0%| F|  |TAMS 0x0000000716200000| PB 0x0000000716200000| Untracked 
|  96|0x0000000716400000, 0x0000000716400000, 0x0000000716600000|  0%| F|  |TAMS 0x0000000716400000| PB 0x0000000716400000| Untracked 
|  97|0x0000000716600000, 0x0000000716600000, 0x0000000716800000|  0%| F|  |TAMS 0x0000000716600000| PB 0x0000000716600000| Untracked 
|  98|0x0000000716800000, 0x0000000716800000, 0x0000000716a00000|  0%| F|  |TAMS 0x0000000716800000| PB 0x0000000716800000| Untracked 
|  99|0x0000000716a00000, 0x0000000716a00000, 0x0000000716c00000|  0%| F|  |TAMS 0x0000000716a00000| PB 0x0000000716a00000| Untracked 
| 100|0x0000000716c00000, 0x0000000716c00000, 0x0000000716e00000|  0%| F|  |TAMS 0x0000000716c00000| PB 0x0000000716c00000| Untracked 
| 101|0x0000000716e00000, 0x0000000716e00000, 0x0000000717000000|  0%| F|  |TAMS 0x0000000716e00000| PB 0x0000000716e00000| Untracked 
| 102|0x0000000717000000, 0x0000000717000000, 0x0000000717200000|  0%| F|  |TAMS 0x0000000717000000| PB 0x0000000717000000| Untracked 
| 103|0x0000000717200000, 0x0000000717200000, 0x0000000717400000|  0%| F|  |TAMS 0x0000000717200000| PB 0x0000000717200000| Untracked 
| 104|0x0000000717400000, 0x0000000717400000, 0x0000000717600000|  0%| F|  |TAMS 0x0000000717400000| PB 0x0000000717400000| Untracked 
| 105|0x0000000717600000, 0x0000000717600000, 0x0000000717800000|  0%| F|  |TAMS 0x0000000717600000| PB 0x0000000717600000| Untracked 
| 106|0x0000000717800000, 0x0000000717800000, 0x0000000717a00000|  0%| F|  |TAMS 0x0000000717800000| PB 0x0000000717800000| Untracked 
| 107|0x0000000717a00000, 0x0000000717a00000, 0x0000000717c00000|  0%| F|  |TAMS 0x0000000717a00000| PB 0x0000000717a00000| Untracked 
| 108|0x0000000717c00000, 0x0000000717c00000, 0x0000000717e00000|  0%| F|  |TAMS 0x0000000717c00000| PB 0x0000000717c00000| Untracked 
| 109|0x0000000717e00000, 0x0000000717e00000, 0x0000000718000000|  0%| F|  |TAMS 0x0000000717e00000| PB 0x0000000717e00000| Untracked 
| 110|0x0000000718000000, 0x0000000718000000, 0x0000000718200000|  0%| F|  |TAMS 0x0000000718000000| PB 0x0000000718000000| Untracked 
| 111|0x0000000718200000, 0x0000000718200000, 0x0000000718400000|  0%| F|  |TAMS 0x0000000718200000| PB 0x0000000718200000| Untracked 
| 112|0x0000000718400000, 0x0000000718400000, 0x0000000718600000|  0%| F|  |TAMS 0x0000000718400000| PB 0x0000000718400000| Untracked 
| 113|0x0000000718600000, 0x0000000718600000, 0x0000000718800000|  0%| F|  |TAMS 0x0000000718600000| PB 0x0000000718600000| Untracked 
| 114|0x0000000718800000, 0x0000000718800000, 0x0000000718a00000|  0%| F|  |TAMS 0x0000000718800000| PB 0x0000000718800000| Untracked 
| 115|0x0000000718a00000, 0x0000000718a00000, 0x0000000718c00000|  0%| F|  |TAMS 0x0000000718a00000| PB 0x0000000718a00000| Untracked 
| 116|0x0000000718c00000, 0x0000000718c00000, 0x0000000718e00000|  0%| F|  |TAMS 0x0000000718c00000| PB 0x0000000718c00000| Untracked 
| 117|0x0000000718e00000, 0x0000000718e00000, 0x0000000719000000|  0%| F|  |TAMS 0x0000000718e00000| PB 0x0000000718e00000| Untracked 
| 118|0x0000000719000000, 0x0000000719000000, 0x0000000719200000|  0%| F|  |TAMS 0x0000000719000000| PB 0x0000000719000000| Untracked 
| 119|0x0000000719200000, 0x0000000719200000, 0x0000000719400000|  0%| F|  |TAMS 0x0000000719200000| PB 0x0000000719200000| Untracked 
| 120|0x0000000719400000, 0x0000000719400000, 0x0000000719600000|  0%| F|  |TAMS 0x0000000719400000| PB 0x0000000719400000| Untracked 
| 121|0x0000000719600000, 0x0000000719600000, 0x0000000719800000|  0%| F|  |TAMS 0x0000000719600000| PB 0x0000000719600000| Untracked 
| 122|0x0000000719800000, 0x0000000719800000, 0x0000000719a00000|  0%| F|  |TAMS 0x0000000719800000| PB 0x0000000719800000| Untracked 
| 123|0x0000000719a00000, 0x0000000719a00000, 0x0000000719c00000|  0%| F|  |TAMS 0x0000000719a00000| PB 0x0000000719a00000| Untracked 
| 124|0x0000000719c00000, 0x0000000719c00000, 0x0000000719e00000|  0%| F|  |TAMS 0x0000000719c00000| PB 0x0000000719c00000| Untracked 
| 125|0x0000000719e00000, 0x0000000719e00000, 0x000000071a000000|  0%| F|  |TAMS 0x0000000719e00000| PB 0x0000000719e00000| Untracked 
| 126|0x000000071a000000, 0x000000071a000000, 0x000000071a200000|  0%| F|  |TAMS 0x000000071a000000| PB 0x000000071a000000| Untracked 
| 127|0x000000071a200000, 0x000000071a200000, 0x000000071a400000|  0%| F|  |TAMS 0x000000071a200000| PB 0x000000071a200000| Untracked 
| 128|0x000000071a400000, 0x000000071a400000, 0x000000071a600000|  0%| F|  |TAMS 0x000000071a400000| PB 0x000000071a400000| Untracked 
| 129|0x000000071a600000, 0x000000071a600000, 0x000000071a800000|  0%| F|  |TAMS 0x000000071a600000| PB 0x000000071a600000| Untracked 
| 130|0x000000071a800000, 0x000000071a800000, 0x000000071aa00000|  0%| F|  |TAMS 0x000000071a800000| PB 0x000000071a800000| Untracked 
| 131|0x000000071aa00000, 0x000000071aa00000, 0x000000071ac00000|  0%| F|  |TAMS 0x000000071aa00000| PB 0x000000071aa00000| Untracked 
| 132|0x000000071ac00000, 0x000000071ac00000, 0x000000071ae00000|  0%| F|  |TAMS 0x000000071ac00000| PB 0x000000071ac00000| Untracked 
| 133|0x000000071ae00000, 0x000000071ae00000, 0x000000071b000000|  0%| F|  |TAMS 0x000000071ae00000| PB 0x000000071ae00000| Untracked 
| 134|0x000000071b000000, 0x000000071b000000, 0x000000071b200000|  0%| F|  |TAMS 0x000000071b000000| PB 0x000000071b000000| Untracked 
| 135|0x000000071b200000, 0x000000071b200000, 0x000000071b400000|  0%| F|  |TAMS 0x000000071b200000| PB 0x000000071b200000| Untracked 
| 136|0x000000071b400000, 0x000000071b400000, 0x000000071b600000|  0%| F|  |TAMS 0x000000071b400000| PB 0x000000071b400000| Untracked 
| 137|0x000000071b600000, 0x000000071b600000, 0x000000071b800000|  0%| F|  |TAMS 0x000000071b600000| PB 0x000000071b600000| Untracked 
| 138|0x000000071b800000, 0x000000071b800000, 0x000000071ba00000|  0%| F|  |TAMS 0x000000071b800000| PB 0x000000071b800000| Untracked 
| 139|0x000000071ba00000, 0x000000071ba00000, 0x000000071bc00000|  0%| F|  |TAMS 0x000000071ba00000| PB 0x000000071ba00000| Untracked 
| 140|0x000000071bc00000, 0x000000071bc00000, 0x000000071be00000|  0%| F|  |TAMS 0x000000071bc00000| PB 0x000000071bc00000| Untracked 
| 141|0x000000071be00000, 0x000000071be00000, 0x000000071c000000|  0%| F|  |TAMS 0x000000071be00000| PB 0x000000071be00000| Untracked 
| 142|0x000000071c000000, 0x000000071c000000, 0x000000071c200000|  0%| F|  |TAMS 0x000000071c000000| PB 0x000000071c000000| Untracked 
| 143|0x000000071c200000, 0x000000071c200000, 0x000000071c400000|  0%| F|  |TAMS 0x000000071c200000| PB 0x000000071c200000| Untracked 
| 144|0x000000071c400000, 0x000000071c400000, 0x000000071c600000|  0%| F|  |TAMS 0x000000071c400000| PB 0x000000071c400000| Untracked 
| 145|0x000000071c600000, 0x000000071c600000, 0x000000071c800000|  0%| F|  |TAMS 0x000000071c600000| PB 0x000000071c600000| Untracked 
| 146|0x000000071c800000, 0x000000071c800000, 0x000000071ca00000|  0%| F|  |TAMS 0x000000071c800000| PB 0x000000071c800000| Untracked 
| 147|0x000000071ca00000, 0x000000071ca00000, 0x000000071cc00000|  0%| F|  |TAMS 0x000000071ca00000| PB 0x000000071ca00000| Untracked 
| 148|0x000000071cc00000, 0x000000071cc00000, 0x000000071ce00000|  0%| F|  |TAMS 0x000000071cc00000| PB 0x000000071cc00000| Untracked 
| 149|0x000000071ce00000, 0x000000071ce00000, 0x000000071d000000|  0%| F|  |TAMS 0x000000071ce00000| PB 0x000000071ce00000| Untracked 
| 150|0x000000071d000000, 0x000000071d000000, 0x000000071d200000|  0%| F|  |TAMS 0x000000071d000000| PB 0x000000071d000000| Untracked 
| 151|0x000000071d200000, 0x000000071d200000, 0x000000071d400000|  0%| F|  |TAMS 0x000000071d200000| PB 0x000000071d200000| Untracked 
| 152|0x000000071d400000, 0x000000071d400000, 0x000000071d600000|  0%| F|  |TAMS 0x000000071d400000| PB 0x000000071d400000| Untracked 
| 153|0x000000071d600000, 0x000000071d600000, 0x000000071d800000|  0%| F|  |TAMS 0x000000071d600000| PB 0x000000071d600000| Untracked 
| 154|0x000000071d800000, 0x000000071d800000, 0x000000071da00000|  0%| F|  |TAMS 0x000000071d800000| PB 0x000000071d800000| Untracked 
| 155|0x000000071da00000, 0x000000071da00000, 0x000000071dc00000|  0%| F|  |TAMS 0x000000071da00000| PB 0x000000071da00000| Untracked 
| 156|0x000000071dc00000, 0x000000071dc00000, 0x000000071de00000|  0%| F|  |TAMS 0x000000071dc00000| PB 0x000000071dc00000| Untracked 
| 157|0x000000071de00000, 0x000000071de00000, 0x000000071e000000|  0%| F|  |TAMS 0x000000071de00000| PB 0x000000071de00000| Untracked 
| 158|0x000000071e000000, 0x000000071e000000, 0x000000071e200000|  0%| F|  |TAMS 0x000000071e000000| PB 0x000000071e000000| Untracked 
| 159|0x000000071e200000, 0x000000071e200000, 0x000000071e400000|  0%| F|  |TAMS 0x000000071e200000| PB 0x000000071e200000| Untracked 
| 160|0x000000071e400000, 0x000000071e400000, 0x000000071e600000|  0%| F|  |TAMS 0x000000071e400000| PB 0x000000071e400000| Untracked 
| 161|0x000000071e600000, 0x000000071e600000, 0x000000071e800000|  0%| F|  |TAMS 0x000000071e600000| PB 0x000000071e600000| Untracked 
| 162|0x000000071e800000, 0x000000071e800000, 0x000000071ea00000|  0%| F|  |TAMS 0x000000071e800000| PB 0x000000071e800000| Untracked 
| 163|0x000000071ea00000, 0x000000071ea00000, 0x000000071ec00000|  0%| F|  |TAMS 0x000000071ea00000| PB 0x000000071ea00000| Untracked 
| 164|0x000000071ec00000, 0x000000071ec00000, 0x000000071ee00000|  0%| F|  |TAMS 0x000000071ec00000| PB 0x000000071ec00000| Untracked 
| 165|0x000000071ee00000, 0x000000071ee00000, 0x000000071f000000|  0%| F|  |TAMS 0x000000071ee00000| PB 0x000000071ee00000| Untracked 
| 166|0x000000071f000000, 0x000000071f000000, 0x000000071f200000|  0%| F|  |TAMS 0x000000071f000000| PB 0x000000071f000000| Untracked 
| 167|0x000000071f200000, 0x000000071f200000, 0x000000071f400000|  0%| F|  |TAMS 0x000000071f200000| PB 0x000000071f200000| Untracked 
| 168|0x000000071f400000, 0x000000071f400000, 0x000000071f600000|  0%| F|  |TAMS 0x000000071f400000| PB 0x000000071f400000| Untracked 
| 169|0x000000071f600000, 0x000000071f600000, 0x000000071f800000|  0%| F|  |TAMS 0x000000071f600000| PB 0x000000071f600000| Untracked 
| 170|0x000000071f800000, 0x000000071f800000, 0x000000071fa00000|  0%| F|  |TAMS 0x000000071f800000| PB 0x000000071f800000| Untracked 
| 171|0x000000071fa00000, 0x000000071fa00000, 0x000000071fc00000|  0%| F|  |TAMS 0x000000071fa00000| PB 0x000000071fa00000| Untracked 
| 172|0x000000071fc00000, 0x000000071fc00000, 0x000000071fe00000|  0%| F|  |TAMS 0x000000071fc00000| PB 0x000000071fc00000| Untracked 
| 173|0x000000071fe00000, 0x000000071fe00000, 0x0000000720000000|  0%| F|  |TAMS 0x000000071fe00000| PB 0x000000071fe00000| Untracked 
| 174|0x0000000720000000, 0x0000000720000000, 0x0000000720200000|  0%| F|  |TAMS 0x0000000720000000| PB 0x0000000720000000| Untracked 
| 175|0x0000000720200000, 0x0000000720200000, 0x0000000720400000|  0%| F|  |TAMS 0x0000000720200000| PB 0x0000000720200000| Untracked 
| 176|0x0000000720400000, 0x0000000720400000, 0x0000000720600000|  0%| F|  |TAMS 0x0000000720400000| PB 0x0000000720400000| Untracked 
| 177|0x0000000720600000, 0x0000000720600000, 0x0000000720800000|  0%| F|  |TAMS 0x0000000720600000| PB 0x0000000720600000| Untracked 
| 178|0x0000000720800000, 0x0000000720800000, 0x0000000720a00000|  0%| F|  |TAMS 0x0000000720800000| PB 0x0000000720800000| Untracked 
| 179|0x0000000720a00000, 0x0000000720a00000, 0x0000000720c00000|  0%| F|  |TAMS 0x0000000720a00000| PB 0x0000000720a00000| Untracked 
| 180|0x0000000720c00000, 0x0000000720c00000, 0x0000000720e00000|  0%| F|  |TAMS 0x0000000720c00000| PB 0x0000000720c00000| Untracked 
| 181|0x0000000720e00000, 0x0000000720e00000, 0x0000000721000000|  0%| F|  |TAMS 0x0000000720e00000| PB 0x0000000720e00000| Untracked 
| 182|0x0000000721000000, 0x0000000721000000, 0x0000000721200000|  0%| F|  |TAMS 0x0000000721000000| PB 0x0000000721000000| Untracked 
| 183|0x0000000721200000, 0x0000000721200000, 0x0000000721400000|  0%| F|  |TAMS 0x0000000721200000| PB 0x0000000721200000| Untracked 
| 184|0x0000000721400000, 0x0000000721400000, 0x0000000721600000|  0%| F|  |TAMS 0x0000000721400000| PB 0x0000000721400000| Untracked 
| 185|0x0000000721600000, 0x0000000721600000, 0x0000000721800000|  0%| F|  |TAMS 0x0000000721600000| PB 0x0000000721600000| Untracked 
| 186|0x0000000721800000, 0x0000000721800000, 0x0000000721a00000|  0%| F|  |TAMS 0x0000000721800000| PB 0x0000000721800000| Untracked 
| 187|0x0000000721a00000, 0x0000000721a00000, 0x0000000721c00000|  0%| F|  |TAMS 0x0000000721a00000| PB 0x0000000721a00000| Untracked 
| 188|0x0000000721c00000, 0x0000000721c00000, 0x0000000721e00000|  0%| F|  |TAMS 0x0000000721c00000| PB 0x0000000721c00000| Untracked 
| 189|0x0000000721e00000, 0x0000000721e00000, 0x0000000722000000|  0%| F|  |TAMS 0x0000000721e00000| PB 0x0000000721e00000| Untracked 
| 190|0x0000000722000000, 0x0000000722000000, 0x0000000722200000|  0%| F|  |TAMS 0x0000000722000000| PB 0x0000000722000000| Untracked 
| 191|0x0000000722200000, 0x0000000722200000, 0x0000000722400000|  0%| F|  |TAMS 0x0000000722200000| PB 0x0000000722200000| Untracked 
| 192|0x0000000722400000, 0x0000000722400000, 0x0000000722600000|  0%| F|  |TAMS 0x0000000722400000| PB 0x0000000722400000| Untracked 
| 193|0x0000000722600000, 0x0000000722600000, 0x0000000722800000|  0%| F|  |TAMS 0x0000000722600000| PB 0x0000000722600000| Untracked 
| 194|0x0000000722800000, 0x0000000722800000, 0x0000000722a00000|  0%| F|  |TAMS 0x0000000722800000| PB 0x0000000722800000| Untracked 
| 195|0x0000000722a00000, 0x0000000722a00000, 0x0000000722c00000|  0%| F|  |TAMS 0x0000000722a00000| PB 0x0000000722a00000| Untracked 
| 196|0x0000000722c00000, 0x0000000722c00000, 0x0000000722e00000|  0%| F|  |TAMS 0x0000000722c00000| PB 0x0000000722c00000| Untracked 
| 197|0x0000000722e00000, 0x0000000722e00000, 0x0000000723000000|  0%| F|  |TAMS 0x0000000722e00000| PB 0x0000000722e00000| Untracked 
| 198|0x0000000723000000, 0x0000000723000000, 0x0000000723200000|  0%| F|  |TAMS 0x0000000723000000| PB 0x0000000723000000| Untracked 
| 199|0x0000000723200000, 0x0000000723200000, 0x0000000723400000|  0%| F|  |TAMS 0x0000000723200000| PB 0x0000000723200000| Untracked 
| 200|0x0000000723400000, 0x0000000723400000, 0x0000000723600000|  0%| F|  |TAMS 0x0000000723400000| PB 0x0000000723400000| Untracked 
| 201|0x0000000723600000, 0x0000000723600000, 0x0000000723800000|  0%| F|  |TAMS 0x0000000723600000| PB 0x0000000723600000| Untracked 
| 202|0x0000000723800000, 0x0000000723800000, 0x0000000723a00000|  0%| F|  |TAMS 0x0000000723800000| PB 0x0000000723800000| Untracked 
| 203|0x0000000723a00000, 0x0000000723a00000, 0x0000000723c00000|  0%| F|  |TAMS 0x0000000723a00000| PB 0x0000000723a00000| Untracked 
| 204|0x0000000723c00000, 0x0000000723c00000, 0x0000000723e00000|  0%| F|  |TAMS 0x0000000723c00000| PB 0x0000000723c00000| Untracked 
| 205|0x0000000723e00000, 0x0000000723e00000, 0x0000000724000000|  0%| F|  |TAMS 0x0000000723e00000| PB 0x0000000723e00000| Untracked 
| 206|0x0000000724000000, 0x0000000724000000, 0x0000000724200000|  0%| F|  |TAMS 0x0000000724000000| PB 0x0000000724000000| Untracked 
| 207|0x0000000724200000, 0x0000000724200000, 0x0000000724400000|  0%| F|  |TAMS 0x0000000724200000| PB 0x0000000724200000| Untracked 
| 208|0x0000000724400000, 0x0000000724400000, 0x0000000724600000|  0%| F|  |TAMS 0x0000000724400000| PB 0x0000000724400000| Untracked 
| 209|0x0000000724600000, 0x0000000724600000, 0x0000000724800000|  0%| F|  |TAMS 0x0000000724600000| PB 0x0000000724600000| Untracked 
| 210|0x0000000724800000, 0x0000000724800000, 0x0000000724a00000|  0%| F|  |TAMS 0x0000000724800000| PB 0x0000000724800000| Untracked 
| 211|0x0000000724a00000, 0x0000000724a00000, 0x0000000724c00000|  0%| F|  |TAMS 0x0000000724a00000| PB 0x0000000724a00000| Untracked 
| 212|0x0000000724c00000, 0x0000000724c00000, 0x0000000724e00000|  0%| F|  |TAMS 0x0000000724c00000| PB 0x0000000724c00000| Untracked 
| 213|0x0000000724e00000, 0x0000000724e00000, 0x0000000725000000|  0%| F|  |TAMS 0x0000000724e00000| PB 0x0000000724e00000| Untracked 
| 214|0x0000000725000000, 0x0000000725000000, 0x0000000725200000|  0%| F|  |TAMS 0x0000000725000000| PB 0x0000000725000000| Untracked 
| 215|0x0000000725200000, 0x0000000725200000, 0x0000000725400000|  0%| F|  |TAMS 0x0000000725200000| PB 0x0000000725200000| Untracked 
| 216|0x0000000725400000, 0x0000000725400000, 0x0000000725600000|  0%| F|  |TAMS 0x0000000725400000| PB 0x0000000725400000| Untracked 
| 217|0x0000000725600000, 0x0000000725600000, 0x0000000725800000|  0%| F|  |TAMS 0x0000000725600000| PB 0x0000000725600000| Untracked 
| 218|0x0000000725800000, 0x0000000725800000, 0x0000000725a00000|  0%| F|  |TAMS 0x0000000725800000| PB 0x0000000725800000| Untracked 
| 219|0x0000000725a00000, 0x0000000725a00000, 0x0000000725c00000|  0%| F|  |TAMS 0x0000000725a00000| PB 0x0000000725a00000| Untracked 
| 220|0x0000000725c00000, 0x0000000725c00000, 0x0000000725e00000|  0%| F|  |TAMS 0x0000000725c00000| PB 0x0000000725c00000| Untracked 
| 221|0x0000000725e00000, 0x0000000725e00000, 0x0000000726000000|  0%| F|  |TAMS 0x0000000725e00000| PB 0x0000000725e00000| Untracked 
| 222|0x0000000726000000, 0x0000000726000000, 0x0000000726200000|  0%| F|  |TAMS 0x0000000726000000| PB 0x0000000726000000| Untracked 
| 223|0x0000000726200000, 0x0000000726200000, 0x0000000726400000|  0%| F|  |TAMS 0x0000000726200000| PB 0x0000000726200000| Untracked 
| 224|0x0000000726400000, 0x0000000726400000, 0x0000000726600000|  0%| F|  |TAMS 0x0000000726400000| PB 0x0000000726400000| Untracked 
| 225|0x0000000726600000, 0x0000000726600000, 0x0000000726800000|  0%| F|  |TAMS 0x0000000726600000| PB 0x0000000726600000| Untracked 
| 226|0x0000000726800000, 0x0000000726800000, 0x0000000726a00000|  0%| F|  |TAMS 0x0000000726800000| PB 0x0000000726800000| Untracked 
| 227|0x0000000726a00000, 0x0000000726a00000, 0x0000000726c00000|  0%| F|  |TAMS 0x0000000726a00000| PB 0x0000000726a00000| Untracked 
| 228|0x0000000726c00000, 0x0000000726c00000, 0x0000000726e00000|  0%| F|  |TAMS 0x0000000726c00000| PB 0x0000000726c00000| Untracked 
| 229|0x0000000726e00000, 0x0000000726e00000, 0x0000000727000000|  0%| F|  |TAMS 0x0000000726e00000| PB 0x0000000726e00000| Untracked 
| 230|0x0000000727000000, 0x0000000727000000, 0x0000000727200000|  0%| F|  |TAMS 0x0000000727000000| PB 0x0000000727000000| Untracked 
| 231|0x0000000727200000, 0x0000000727200000, 0x0000000727400000|  0%| F|  |TAMS 0x0000000727200000| PB 0x0000000727200000| Untracked 
| 232|0x0000000727400000, 0x0000000727400000, 0x0000000727600000|  0%| F|  |TAMS 0x0000000727400000| PB 0x0000000727400000| Untracked 
| 233|0x0000000727600000, 0x0000000727600000, 0x0000000727800000|  0%| F|  |TAMS 0x0000000727600000| PB 0x0000000727600000| Untracked 
| 234|0x0000000727800000, 0x0000000727800000, 0x0000000727a00000|  0%| F|  |TAMS 0x0000000727800000| PB 0x0000000727800000| Untracked 
| 235|0x0000000727a00000, 0x0000000727a00000, 0x0000000727c00000|  0%| F|  |TAMS 0x0000000727a00000| PB 0x0000000727a00000| Untracked 
| 236|0x0000000727c00000, 0x0000000727c00000, 0x0000000727e00000|  0%| F|  |TAMS 0x0000000727c00000| PB 0x0000000727c00000| Untracked 
| 237|0x0000000727e00000, 0x0000000727e00000, 0x0000000728000000|  0%| F|  |TAMS 0x0000000727e00000| PB 0x0000000727e00000| Untracked 
| 238|0x0000000728000000, 0x0000000728000000, 0x0000000728200000|  0%| F|  |TAMS 0x0000000728000000| PB 0x0000000728000000| Untracked 
| 239|0x0000000728200000, 0x0000000728200000, 0x0000000728400000|  0%| F|  |TAMS 0x0000000728200000| PB 0x0000000728200000| Untracked 
| 240|0x0000000728400000, 0x0000000728400000, 0x0000000728600000|  0%| F|  |TAMS 0x0000000728400000| PB 0x0000000728400000| Untracked 
| 241|0x0000000728600000, 0x0000000728600000, 0x0000000728800000|  0%| F|  |TAMS 0x0000000728600000| PB 0x0000000728600000| Untracked 
| 242|0x0000000728800000, 0x0000000728800000, 0x0000000728a00000|  0%| F|  |TAMS 0x0000000728800000| PB 0x0000000728800000| Untracked 
| 243|0x0000000728a00000, 0x0000000728a00000, 0x0000000728c00000|  0%| F|  |TAMS 0x0000000728a00000| PB 0x0000000728a00000| Untracked 
| 244|0x0000000728c00000, 0x0000000728c00000, 0x0000000728e00000|  0%| F|  |TAMS 0x0000000728c00000| PB 0x0000000728c00000| Untracked 
| 245|0x0000000728e00000, 0x0000000728e00000, 0x0000000729000000|  0%| F|  |TAMS 0x0000000728e00000| PB 0x0000000728e00000| Untracked 
| 246|0x0000000729000000, 0x0000000729000000, 0x0000000729200000|  0%| F|  |TAMS 0x0000000729000000| PB 0x0000000729000000| Untracked 
| 247|0x0000000729200000, 0x0000000729200000, 0x0000000729400000|  0%| F|  |TAMS 0x0000000729200000| PB 0x0000000729200000| Untracked 
| 248|0x0000000729400000, 0x0000000729400000, 0x0000000729600000|  0%| F|  |TAMS 0x0000000729400000| PB 0x0000000729400000| Untracked 
| 249|0x0000000729600000, 0x0000000729600000, 0x0000000729800000|  0%| F|  |TAMS 0x0000000729600000| PB 0x0000000729600000| Untracked 
| 250|0x0000000729800000, 0x0000000729800000, 0x0000000729a00000|  0%| F|  |TAMS 0x0000000729800000| PB 0x0000000729800000| Untracked 
| 251|0x0000000729a00000, 0x0000000729a00000, 0x0000000729c00000|  0%| F|  |TAMS 0x0000000729a00000| PB 0x0000000729a00000| Untracked 
| 252|0x0000000729c00000, 0x0000000729c00000, 0x0000000729e00000|  0%| F|  |TAMS 0x0000000729c00000| PB 0x0000000729c00000| Untracked 
| 253|0x0000000729e00000, 0x0000000729e00000, 0x000000072a000000|  0%| F|  |TAMS 0x0000000729e00000| PB 0x0000000729e00000| Untracked 
| 254|0x000000072a000000, 0x000000072a000000, 0x000000072a200000|  0%| F|  |TAMS 0x000000072a000000| PB 0x000000072a000000| Untracked 
| 255|0x000000072a200000, 0x000000072a200000, 0x000000072a400000|  0%| F|  |TAMS 0x000000072a200000| PB 0x000000072a200000| Untracked 
| 256|0x000000072a400000, 0x000000072a400000, 0x000000072a600000|  0%| F|  |TAMS 0x000000072a400000| PB 0x000000072a400000| Untracked 
| 257|0x000000072a600000, 0x000000072a600000, 0x000000072a800000|  0%| F|  |TAMS 0x000000072a600000| PB 0x000000072a600000| Untracked 
| 258|0x000000072a800000, 0x000000072a800000, 0x000000072aa00000|  0%| F|  |TAMS 0x000000072a800000| PB 0x000000072a800000| Untracked 
| 259|0x000000072aa00000, 0x000000072aa00000, 0x000000072ac00000|  0%| F|  |TAMS 0x000000072aa00000| PB 0x000000072aa00000| Untracked 
| 260|0x000000072ac00000, 0x000000072ac00000, 0x000000072ae00000|  0%| F|  |TAMS 0x000000072ac00000| PB 0x000000072ac00000| Untracked 
| 261|0x000000072ae00000, 0x000000072ae00000, 0x000000072b000000|  0%| F|  |TAMS 0x000000072ae00000| PB 0x000000072ae00000| Untracked 
| 262|0x000000072b000000, 0x000000072b000000, 0x000000072b200000|  0%| F|  |TAMS 0x000000072b000000| PB 0x000000072b000000| Untracked 
| 263|0x000000072b200000, 0x000000072b200000, 0x000000072b400000|  0%| F|  |TAMS 0x000000072b200000| PB 0x000000072b200000| Untracked 
| 264|0x000000072b400000, 0x000000072b400000, 0x000000072b600000|  0%| F|  |TAMS 0x000000072b400000| PB 0x000000072b400000| Untracked 
| 265|0x000000072b600000, 0x000000072b600000, 0x000000072b800000|  0%| F|  |TAMS 0x000000072b600000| PB 0x000000072b600000| Untracked 
| 266|0x000000072b800000, 0x000000072b800000, 0x000000072ba00000|  0%| F|  |TAMS 0x000000072b800000| PB 0x000000072b800000| Untracked 
| 267|0x000000072ba00000, 0x000000072ba00000, 0x000000072bc00000|  0%| F|  |TAMS 0x000000072ba00000| PB 0x000000072ba00000| Untracked 
| 268|0x000000072bc00000, 0x000000072bc00000, 0x000000072be00000|  0%| F|  |TAMS 0x000000072bc00000| PB 0x000000072bc00000| Untracked 
| 269|0x000000072be00000, 0x000000072be00000, 0x000000072c000000|  0%| F|  |TAMS 0x000000072be00000| PB 0x000000072be00000| Untracked 
| 270|0x000000072c000000, 0x000000072c000000, 0x000000072c200000|  0%| F|  |TAMS 0x000000072c000000| PB 0x000000072c000000| Untracked 
| 271|0x000000072c200000, 0x000000072c200000, 0x000000072c400000|  0%| F|  |TAMS 0x000000072c200000| PB 0x000000072c200000| Untracked 
| 272|0x000000072c400000, 0x000000072c400000, 0x000000072c600000|  0%| F|  |TAMS 0x000000072c400000| PB 0x000000072c400000| Untracked 
| 273|0x000000072c600000, 0x000000072c600000, 0x000000072c800000|  0%| F|  |TAMS 0x000000072c600000| PB 0x000000072c600000| Untracked 
| 274|0x000000072c800000, 0x000000072c800000, 0x000000072ca00000|  0%| F|  |TAMS 0x000000072c800000| PB 0x000000072c800000| Untracked 
| 275|0x000000072ca00000, 0x000000072ca00000, 0x000000072cc00000|  0%| F|  |TAMS 0x000000072ca00000| PB 0x000000072ca00000| Untracked 
| 276|0x000000072cc00000, 0x000000072cc00000, 0x000000072ce00000|  0%| F|  |TAMS 0x000000072cc00000| PB 0x000000072cc00000| Untracked 
| 277|0x000000072ce00000, 0x000000072ce00000, 0x000000072d000000|  0%| F|  |TAMS 0x000000072ce00000| PB 0x000000072ce00000| Untracked 
| 278|0x000000072d000000, 0x000000072d000000, 0x000000072d200000|  0%| F|  |TAMS 0x000000072d000000| PB 0x000000072d000000| Untracked 
| 279|0x000000072d200000, 0x000000072d200000, 0x000000072d400000|  0%| F|  |TAMS 0x000000072d200000| PB 0x000000072d200000| Untracked 
| 280|0x000000072d400000, 0x000000072d400000, 0x000000072d600000|  0%| F|  |TAMS 0x000000072d400000| PB 0x000000072d400000| Untracked 
| 281|0x000000072d600000, 0x000000072d600000, 0x000000072d800000|  0%| F|  |TAMS 0x000000072d600000| PB 0x000000072d600000| Untracked 
| 282|0x000000072d800000, 0x000000072d800000, 0x000000072da00000|  0%| F|  |TAMS 0x000000072d800000| PB 0x000000072d800000| Untracked 
| 283|0x000000072da00000, 0x000000072da00000, 0x000000072dc00000|  0%| F|  |TAMS 0x000000072da00000| PB 0x000000072da00000| Untracked 
| 284|0x000000072dc00000, 0x000000072dc00000, 0x000000072de00000|  0%| F|  |TAMS 0x000000072dc00000| PB 0x000000072dc00000| Untracked 
| 285|0x000000072de00000, 0x000000072de00000, 0x000000072e000000|  0%| F|  |TAMS 0x000000072de00000| PB 0x000000072de00000| Untracked 
| 286|0x000000072e000000, 0x000000072e000000, 0x000000072e200000|  0%| F|  |TAMS 0x000000072e000000| PB 0x000000072e000000| Untracked 
| 287|0x000000072e200000, 0x000000072e200000, 0x000000072e400000|  0%| F|  |TAMS 0x000000072e200000| PB 0x000000072e200000| Untracked 
| 288|0x000000072e400000, 0x000000072e400000, 0x000000072e600000|  0%| F|  |TAMS 0x000000072e400000| PB 0x000000072e400000| Untracked 
| 289|0x000000072e600000, 0x000000072e600000, 0x000000072e800000|  0%| F|  |TAMS 0x000000072e600000| PB 0x000000072e600000| Untracked 
| 290|0x000000072e800000, 0x000000072e800000, 0x000000072ea00000|  0%| F|  |TAMS 0x000000072e800000| PB 0x000000072e800000| Untracked 
| 291|0x000000072ea00000, 0x000000072ea00000, 0x000000072ec00000|  0%| F|  |TAMS 0x000000072ea00000| PB 0x000000072ea00000| Untracked 
| 292|0x000000072ec00000, 0x000000072ec00000, 0x000000072ee00000|  0%| F|  |TAMS 0x000000072ec00000| PB 0x000000072ec00000| Untracked 
| 293|0x000000072ee00000, 0x000000072ee00000, 0x000000072f000000|  0%| F|  |TAMS 0x000000072ee00000| PB 0x000000072ee00000| Untracked 
| 294|0x000000072f000000, 0x000000072f000000, 0x000000072f200000|  0%| F|  |TAMS 0x000000072f000000| PB 0x000000072f000000| Untracked 
| 295|0x000000072f200000, 0x000000072f200000, 0x000000072f400000|  0%| F|  |TAMS 0x000000072f200000| PB 0x000000072f200000| Untracked 
| 296|0x000000072f400000, 0x000000072f400000, 0x000000072f600000|  0%| F|  |TAMS 0x000000072f400000| PB 0x000000072f400000| Untracked 
| 297|0x000000072f600000, 0x000000072f600000, 0x000000072f800000|  0%| F|  |TAMS 0x000000072f600000| PB 0x000000072f600000| Untracked 
| 298|0x000000072f800000, 0x000000072f800000, 0x000000072fa00000|  0%| F|  |TAMS 0x000000072f800000| PB 0x000000072f800000| Untracked 
| 299|0x000000072fa00000, 0x000000072fa00000, 0x000000072fc00000|  0%| F|  |TAMS 0x000000072fa00000| PB 0x000000072fa00000| Untracked 
| 300|0x000000072fc00000, 0x000000072fc00000, 0x000000072fe00000|  0%| F|  |TAMS 0x000000072fc00000| PB 0x000000072fc00000| Untracked 
| 301|0x000000072fe00000, 0x000000072fe00000, 0x0000000730000000|  0%| F|  |TAMS 0x000000072fe00000| PB 0x000000072fe00000| Untracked 
| 302|0x0000000730000000, 0x0000000730000000, 0x0000000730200000|  0%| F|  |TAMS 0x0000000730000000| PB 0x0000000730000000| Untracked 
| 303|0x0000000730200000, 0x0000000730200000, 0x0000000730400000|  0%| F|  |TAMS 0x0000000730200000| PB 0x0000000730200000| Untracked 
| 304|0x0000000730400000, 0x0000000730400000, 0x0000000730600000|  0%| F|  |TAMS 0x0000000730400000| PB 0x0000000730400000| Untracked 
| 305|0x0000000730600000, 0x0000000730600000, 0x0000000730800000|  0%| F|  |TAMS 0x0000000730600000| PB 0x0000000730600000| Untracked 
| 306|0x0000000730800000, 0x0000000730800000, 0x0000000730a00000|  0%| F|  |TAMS 0x0000000730800000| PB 0x0000000730800000| Untracked 
| 307|0x0000000730a00000, 0x0000000730a00000, 0x0000000730c00000|  0%| F|  |TAMS 0x0000000730a00000| PB 0x0000000730a00000| Untracked 
| 308|0x0000000730c00000, 0x0000000730c00000, 0x0000000730e00000|  0%| F|  |TAMS 0x0000000730c00000| PB 0x0000000730c00000| Untracked 
| 309|0x0000000730e00000, 0x0000000730e00000, 0x0000000731000000|  0%| F|  |TAMS 0x0000000730e00000| PB 0x0000000730e00000| Untracked 
| 310|0x0000000731000000, 0x0000000731000000, 0x0000000731200000|  0%| F|  |TAMS 0x0000000731000000| PB 0x0000000731000000| Untracked 
| 311|0x0000000731200000, 0x0000000731200000, 0x0000000731400000|  0%| F|  |TAMS 0x0000000731200000| PB 0x0000000731200000| Untracked 
| 312|0x0000000731400000, 0x0000000731400000, 0x0000000731600000|  0%| F|  |TAMS 0x0000000731400000| PB 0x0000000731400000| Untracked 
| 313|0x0000000731600000, 0x0000000731600000, 0x0000000731800000|  0%| F|  |TAMS 0x0000000731600000| PB 0x0000000731600000| Untracked 
| 314|0x0000000731800000, 0x0000000731800000, 0x0000000731a00000|  0%| F|  |TAMS 0x0000000731800000| PB 0x0000000731800000| Untracked 
| 315|0x0000000731a00000, 0x0000000731a00000, 0x0000000731c00000|  0%| F|  |TAMS 0x0000000731a00000| PB 0x0000000731a00000| Untracked 
| 316|0x0000000731c00000, 0x0000000731c00000, 0x0000000731e00000|  0%| F|  |TAMS 0x0000000731c00000| PB 0x0000000731c00000| Untracked 
| 317|0x0000000731e00000, 0x0000000731e00000, 0x0000000732000000|  0%| F|  |TAMS 0x0000000731e00000| PB 0x0000000731e00000| Untracked 
| 318|0x0000000732000000, 0x0000000732000000, 0x0000000732200000|  0%| F|  |TAMS 0x0000000732000000| PB 0x0000000732000000| Untracked 
| 319|0x0000000732200000, 0x0000000732200000, 0x0000000732400000|  0%| F|  |TAMS 0x0000000732200000| PB 0x0000000732200000| Untracked 
| 320|0x0000000732400000, 0x0000000732400000, 0x0000000732600000|  0%| F|  |TAMS 0x0000000732400000| PB 0x0000000732400000| Untracked 
| 321|0x0000000732600000, 0x0000000732600000, 0x0000000732800000|  0%| F|  |TAMS 0x0000000732600000| PB 0x0000000732600000| Untracked 
| 322|0x0000000732800000, 0x0000000732800000, 0x0000000732a00000|  0%| F|  |TAMS 0x0000000732800000| PB 0x0000000732800000| Untracked 
| 323|0x0000000732a00000, 0x0000000732a00000, 0x0000000732c00000|  0%| F|  |TAMS 0x0000000732a00000| PB 0x0000000732a00000| Untracked 
| 324|0x0000000732c00000, 0x0000000732c00000, 0x0000000732e00000|  0%| F|  |TAMS 0x0000000732c00000| PB 0x0000000732c00000| Untracked 
| 325|0x0000000732e00000, 0x0000000732e00000, 0x0000000733000000|  0%| F|  |TAMS 0x0000000732e00000| PB 0x0000000732e00000| Untracked 
| 326|0x0000000733000000, 0x0000000733000000, 0x0000000733200000|  0%| F|  |TAMS 0x0000000733000000| PB 0x0000000733000000| Untracked 
| 327|0x0000000733200000, 0x0000000733200000, 0x0000000733400000|  0%| F|  |TAMS 0x0000000733200000| PB 0x0000000733200000| Untracked 
| 328|0x0000000733400000, 0x0000000733400000, 0x0000000733600000|  0%| F|  |TAMS 0x0000000733400000| PB 0x0000000733400000| Untracked 
| 329|0x0000000733600000, 0x0000000733600000, 0x0000000733800000|  0%| F|  |TAMS 0x0000000733600000| PB 0x0000000733600000| Untracked 
| 330|0x0000000733800000, 0x0000000733800000, 0x0000000733a00000|  0%| F|  |TAMS 0x0000000733800000| PB 0x0000000733800000| Untracked 
| 331|0x0000000733a00000, 0x0000000733a00000, 0x0000000733c00000|  0%| F|  |TAMS 0x0000000733a00000| PB 0x0000000733a00000| Untracked 
| 332|0x0000000733c00000, 0x0000000733c00000, 0x0000000733e00000|  0%| F|  |TAMS 0x0000000733c00000| PB 0x0000000733c00000| Untracked 
| 333|0x0000000733e00000, 0x0000000733e00000, 0x0000000734000000|  0%| F|  |TAMS 0x0000000733e00000| PB 0x0000000733e00000| Untracked 
| 334|0x0000000734000000, 0x0000000734000000, 0x0000000734200000|  0%| F|  |TAMS 0x0000000734000000| PB 0x0000000734000000| Untracked 
| 335|0x0000000734200000, 0x0000000734200000, 0x0000000734400000|  0%| F|  |TAMS 0x0000000734200000| PB 0x0000000734200000| Untracked 
| 336|0x0000000734400000, 0x0000000734400000, 0x0000000734600000|  0%| F|  |TAMS 0x0000000734400000| PB 0x0000000734400000| Untracked 
| 337|0x0000000734600000, 0x0000000734600000, 0x0000000734800000|  0%| F|  |TAMS 0x0000000734600000| PB 0x0000000734600000| Untracked 
| 338|0x0000000734800000, 0x0000000734800000, 0x0000000734a00000|  0%| F|  |TAMS 0x0000000734800000| PB 0x0000000734800000| Untracked 
| 339|0x0000000734a00000, 0x0000000734a00000, 0x0000000734c00000|  0%| F|  |TAMS 0x0000000734a00000| PB 0x0000000734a00000| Untracked 
| 340|0x0000000734c00000, 0x0000000734c00000, 0x0000000734e00000|  0%| F|  |TAMS 0x0000000734c00000| PB 0x0000000734c00000| Untracked 
| 341|0x0000000734e00000, 0x0000000734e00000, 0x0000000735000000|  0%| F|  |TAMS 0x0000000734e00000| PB 0x0000000734e00000| Untracked 
| 342|0x0000000735000000, 0x0000000735000000, 0x0000000735200000|  0%| F|  |TAMS 0x0000000735000000| PB 0x0000000735000000| Untracked 
| 343|0x0000000735200000, 0x0000000735200000, 0x0000000735400000|  0%| F|  |TAMS 0x0000000735200000| PB 0x0000000735200000| Untracked 
| 344|0x0000000735400000, 0x0000000735400000, 0x0000000735600000|  0%| F|  |TAMS 0x0000000735400000| PB 0x0000000735400000| Untracked 
| 345|0x0000000735600000, 0x0000000735600000, 0x0000000735800000|  0%| F|  |TAMS 0x0000000735600000| PB 0x0000000735600000| Untracked 
| 346|0x0000000735800000, 0x0000000735800000, 0x0000000735a00000|  0%| F|  |TAMS 0x0000000735800000| PB 0x0000000735800000| Untracked 
| 347|0x0000000735a00000, 0x0000000735a00000, 0x0000000735c00000|  0%| F|  |TAMS 0x0000000735a00000| PB 0x0000000735a00000| Untracked 
| 348|0x0000000735c00000, 0x0000000735c00000, 0x0000000735e00000|  0%| F|  |TAMS 0x0000000735c00000| PB 0x0000000735c00000| Untracked 
| 349|0x0000000735e00000, 0x0000000735e00000, 0x0000000736000000|  0%| F|  |TAMS 0x0000000735e00000| PB 0x0000000735e00000| Untracked 
| 350|0x0000000736000000, 0x0000000736000000, 0x0000000736200000|  0%| F|  |TAMS 0x0000000736000000| PB 0x0000000736000000| Untracked 
| 351|0x0000000736200000, 0x0000000736200000, 0x0000000736400000|  0%| F|  |TAMS 0x0000000736200000| PB 0x0000000736200000| Untracked 
| 352|0x0000000736400000, 0x0000000736400000, 0x0000000736600000|  0%| F|  |TAMS 0x0000000736400000| PB 0x0000000736400000| Untracked 
| 353|0x0000000736600000, 0x0000000736600000, 0x0000000736800000|  0%| F|  |TAMS 0x0000000736600000| PB 0x0000000736600000| Untracked 
| 354|0x0000000736800000, 0x0000000736800000, 0x0000000736a00000|  0%| F|  |TAMS 0x0000000736800000| PB 0x0000000736800000| Untracked 
| 355|0x0000000736a00000, 0x0000000736a00000, 0x0000000736c00000|  0%| F|  |TAMS 0x0000000736a00000| PB 0x0000000736a00000| Untracked 
| 356|0x0000000736c00000, 0x0000000736c00000, 0x0000000736e00000|  0%| F|  |TAMS 0x0000000736c00000| PB 0x0000000736c00000| Untracked 
| 357|0x0000000736e00000, 0x0000000736e00000, 0x0000000737000000|  0%| F|  |TAMS 0x0000000736e00000| PB 0x0000000736e00000| Untracked 
| 358|0x0000000737000000, 0x0000000737000000, 0x0000000737200000|  0%| F|  |TAMS 0x0000000737000000| PB 0x0000000737000000| Untracked 
| 359|0x0000000737200000, 0x0000000737200000, 0x0000000737400000|  0%| F|  |TAMS 0x0000000737200000| PB 0x0000000737200000| Untracked 
| 360|0x0000000737400000, 0x0000000737400000, 0x0000000737600000|  0%| F|  |TAMS 0x0000000737400000| PB 0x0000000737400000| Untracked 
| 361|0x0000000737600000, 0x0000000737600000, 0x0000000737800000|  0%| F|  |TAMS 0x0000000737600000| PB 0x0000000737600000| Untracked 
| 362|0x0000000737800000, 0x0000000737800000, 0x0000000737a00000|  0%| F|  |TAMS 0x0000000737800000| PB 0x0000000737800000| Untracked 
| 363|0x0000000737a00000, 0x0000000737a00000, 0x0000000737c00000|  0%| F|  |TAMS 0x0000000737a00000| PB 0x0000000737a00000| Untracked 
| 364|0x0000000737c00000, 0x0000000737c00000, 0x0000000737e00000|  0%| F|  |TAMS 0x0000000737c00000| PB 0x0000000737c00000| Untracked 
| 365|0x0000000737e00000, 0x0000000737e00000, 0x0000000738000000|  0%| F|  |TAMS 0x0000000737e00000| PB 0x0000000737e00000| Untracked 
| 366|0x0000000738000000, 0x0000000738000000, 0x0000000738200000|  0%| F|  |TAMS 0x0000000738000000| PB 0x0000000738000000| Untracked 
| 367|0x0000000738200000, 0x0000000738200000, 0x0000000738400000|  0%| F|  |TAMS 0x0000000738200000| PB 0x0000000738200000| Untracked 
| 368|0x0000000738400000, 0x0000000738400000, 0x0000000738600000|  0%| F|  |TAMS 0x0000000738400000| PB 0x0000000738400000| Untracked 
| 369|0x0000000738600000, 0x0000000738600000, 0x0000000738800000|  0%| F|  |TAMS 0x0000000738600000| PB 0x0000000738600000| Untracked 
| 370|0x0000000738800000, 0x0000000738800000, 0x0000000738a00000|  0%| F|  |TAMS 0x0000000738800000| PB 0x0000000738800000| Untracked 
| 371|0x0000000738a00000, 0x0000000738a00000, 0x0000000738c00000|  0%| F|  |TAMS 0x0000000738a00000| PB 0x0000000738a00000| Untracked 
| 372|0x0000000738c00000, 0x0000000738c00000, 0x0000000738e00000|  0%| F|  |TAMS 0x0000000738c00000| PB 0x0000000738c00000| Untracked 
| 373|0x0000000738e00000, 0x0000000738e00000, 0x0000000739000000|  0%| F|  |TAMS 0x0000000738e00000| PB 0x0000000738e00000| Untracked 
| 374|0x0000000739000000, 0x0000000739000000, 0x0000000739200000|  0%| F|  |TAMS 0x0000000739000000| PB 0x0000000739000000| Untracked 
| 375|0x0000000739200000, 0x0000000739200000, 0x0000000739400000|  0%| F|  |TAMS 0x0000000739200000| PB 0x0000000739200000| Untracked 
| 376|0x0000000739400000, 0x0000000739400000, 0x0000000739600000|  0%| F|  |TAMS 0x0000000739400000| PB 0x0000000739400000| Untracked 
| 377|0x0000000739600000, 0x0000000739600000, 0x0000000739800000|  0%| F|  |TAMS 0x0000000739600000| PB 0x0000000739600000| Untracked 
| 378|0x0000000739800000, 0x0000000739800000, 0x0000000739a00000|  0%| F|  |TAMS 0x0000000739800000| PB 0x0000000739800000| Untracked 
| 379|0x0000000739a00000, 0x0000000739a00000, 0x0000000739c00000|  0%| F|  |TAMS 0x0000000739a00000| PB 0x0000000739a00000| Untracked 
| 380|0x0000000739c00000, 0x0000000739c00000, 0x0000000739e00000|  0%| F|  |TAMS 0x0000000739c00000| PB 0x0000000739c00000| Untracked 
| 381|0x0000000739e00000, 0x0000000739e00000, 0x000000073a000000|  0%| F|  |TAMS 0x0000000739e00000| PB 0x0000000739e00000| Untracked 
| 382|0x000000073a000000, 0x000000073a000000, 0x000000073a200000|  0%| F|  |TAMS 0x000000073a000000| PB 0x000000073a000000| Untracked 
| 383|0x000000073a200000, 0x000000073a200000, 0x000000073a400000|  0%| F|  |TAMS 0x000000073a200000| PB 0x000000073a200000| Untracked 
| 384|0x000000073a400000, 0x000000073a400000, 0x000000073a600000|  0%| F|  |TAMS 0x000000073a400000| PB 0x000000073a400000| Untracked 
| 385|0x000000073a600000, 0x000000073a600000, 0x000000073a800000|  0%| F|  |TAMS 0x000000073a600000| PB 0x000000073a600000| Untracked 
| 386|0x000000073a800000, 0x000000073a800000, 0x000000073aa00000|  0%| F|  |TAMS 0x000000073a800000| PB 0x000000073a800000| Untracked 
| 387|0x000000073aa00000, 0x000000073aa00000, 0x000000073ac00000|  0%| F|  |TAMS 0x000000073aa00000| PB 0x000000073aa00000| Untracked 
| 388|0x000000073ac00000, 0x000000073ac00000, 0x000000073ae00000|  0%| F|  |TAMS 0x000000073ac00000| PB 0x000000073ac00000| Untracked 
| 389|0x000000073ae00000, 0x000000073ae00000, 0x000000073b000000|  0%| F|  |TAMS 0x000000073ae00000| PB 0x000000073ae00000| Untracked 
| 390|0x000000073b000000, 0x000000073b000000, 0x000000073b200000|  0%| F|  |TAMS 0x000000073b000000| PB 0x000000073b000000| Untracked 
| 391|0x000000073b200000, 0x000000073b200000, 0x000000073b400000|  0%| F|  |TAMS 0x000000073b200000| PB 0x000000073b200000| Untracked 
| 392|0x000000073b400000, 0x000000073b400000, 0x000000073b600000|  0%| F|  |TAMS 0x000000073b400000| PB 0x000000073b400000| Untracked 
| 393|0x000000073b600000, 0x000000073b600000, 0x000000073b800000|  0%| F|  |TAMS 0x000000073b600000| PB 0x000000073b600000| Untracked 
| 394|0x000000073b800000, 0x000000073b800000, 0x000000073ba00000|  0%| F|  |TAMS 0x000000073b800000| PB 0x000000073b800000| Untracked 
| 395|0x000000073ba00000, 0x000000073ba00000, 0x000000073bc00000|  0%| F|  |TAMS 0x000000073ba00000| PB 0x000000073ba00000| Untracked 
| 396|0x000000073bc00000, 0x000000073bc00000, 0x000000073be00000|  0%| F|  |TAMS 0x000000073bc00000| PB 0x000000073bc00000| Untracked 
| 397|0x000000073be00000, 0x000000073be00000, 0x000000073c000000|  0%| F|  |TAMS 0x000000073be00000| PB 0x000000073be00000| Untracked 
| 398|0x000000073c000000, 0x000000073c000000, 0x000000073c200000|  0%| F|  |TAMS 0x000000073c000000| PB 0x000000073c000000| Untracked 
| 399|0x000000073c200000, 0x000000073c200000, 0x000000073c400000|  0%| F|  |TAMS 0x000000073c200000| PB 0x000000073c200000| Untracked 
| 400|0x000000073c400000, 0x000000073c400000, 0x000000073c600000|  0%| F|  |TAMS 0x000000073c400000| PB 0x000000073c400000| Untracked 
| 401|0x000000073c600000, 0x000000073c600000, 0x000000073c800000|  0%| F|  |TAMS 0x000000073c600000| PB 0x000000073c600000| Untracked 
| 402|0x000000073c800000, 0x000000073c800000, 0x000000073ca00000|  0%| F|  |TAMS 0x000000073c800000| PB 0x000000073c800000| Untracked 
| 403|0x000000073ca00000, 0x000000073ca00000, 0x000000073cc00000|  0%| F|  |TAMS 0x000000073ca00000| PB 0x000000073ca00000| Untracked 
| 404|0x000000073cc00000, 0x000000073cc00000, 0x000000073ce00000|  0%| F|  |TAMS 0x000000073cc00000| PB 0x000000073cc00000| Untracked 
| 405|0x000000073ce00000, 0x000000073ce00000, 0x000000073d000000|  0%| F|  |TAMS 0x000000073ce00000| PB 0x000000073ce00000| Untracked 
| 406|0x000000073d000000, 0x000000073d000000, 0x000000073d200000|  0%| F|  |TAMS 0x000000073d000000| PB 0x000000073d000000| Untracked 
| 407|0x000000073d200000, 0x000000073d200000, 0x000000073d400000|  0%| F|  |TAMS 0x000000073d200000| PB 0x000000073d200000| Untracked 
| 408|0x000000073d400000, 0x000000073d400000, 0x000000073d600000|  0%| F|  |TAMS 0x000000073d400000| PB 0x000000073d400000| Untracked 
| 409|0x000000073d600000, 0x000000073d600000, 0x000000073d800000|  0%| F|  |TAMS 0x000000073d600000| PB 0x000000073d600000| Untracked 
| 410|0x000000073d800000, 0x000000073d800000, 0x000000073da00000|  0%| F|  |TAMS 0x000000073d800000| PB 0x000000073d800000| Untracked 
| 411|0x000000073da00000, 0x000000073da00000, 0x000000073dc00000|  0%| F|  |TAMS 0x000000073da00000| PB 0x000000073da00000| Untracked 
| 412|0x000000073dc00000, 0x000000073dc00000, 0x000000073de00000|  0%| F|  |TAMS 0x000000073dc00000| PB 0x000000073dc00000| Untracked 
| 413|0x000000073de00000, 0x000000073de00000, 0x000000073e000000|  0%| F|  |TAMS 0x000000073de00000| PB 0x000000073de00000| Untracked 
| 414|0x000000073e000000, 0x000000073e000000, 0x000000073e200000|  0%| F|  |TAMS 0x000000073e000000| PB 0x000000073e000000| Untracked 
| 415|0x000000073e200000, 0x000000073e200000, 0x000000073e400000|  0%| F|  |TAMS 0x000000073e200000| PB 0x000000073e200000| Untracked 
| 416|0x000000073e400000, 0x000000073e400000, 0x000000073e600000|  0%| F|  |TAMS 0x000000073e400000| PB 0x000000073e400000| Untracked 
| 417|0x000000073e600000, 0x000000073e600000, 0x000000073e800000|  0%| F|  |TAMS 0x000000073e600000| PB 0x000000073e600000| Untracked 
| 418|0x000000073e800000, 0x000000073e800000, 0x000000073ea00000|  0%| F|  |TAMS 0x000000073e800000| PB 0x000000073e800000| Untracked 
| 419|0x000000073ea00000, 0x000000073ea00000, 0x000000073ec00000|  0%| F|  |TAMS 0x000000073ea00000| PB 0x000000073ea00000| Untracked 
| 420|0x000000073ec00000, 0x000000073ec00000, 0x000000073ee00000|  0%| F|  |TAMS 0x000000073ec00000| PB 0x000000073ec00000| Untracked 
| 421|0x000000073ee00000, 0x000000073ee00000, 0x000000073f000000|  0%| F|  |TAMS 0x000000073ee00000| PB 0x000000073ee00000| Untracked 
| 422|0x000000073f000000, 0x000000073f000000, 0x000000073f200000|  0%| F|  |TAMS 0x000000073f000000| PB 0x000000073f000000| Untracked 
| 423|0x000000073f200000, 0x000000073f200000, 0x000000073f400000|  0%| F|  |TAMS 0x000000073f200000| PB 0x000000073f200000| Untracked 
| 424|0x000000073f400000, 0x000000073f400000, 0x000000073f600000|  0%| F|  |TAMS 0x000000073f400000| PB 0x000000073f400000| Untracked 
| 425|0x000000073f600000, 0x000000073f600000, 0x000000073f800000|  0%| F|  |TAMS 0x000000073f600000| PB 0x000000073f600000| Untracked 
| 426|0x000000073f800000, 0x000000073f800000, 0x000000073fa00000|  0%| F|  |TAMS 0x000000073f800000| PB 0x000000073f800000| Untracked 
| 427|0x000000073fa00000, 0x000000073fa00000, 0x000000073fc00000|  0%| F|  |TAMS 0x000000073fa00000| PB 0x000000073fa00000| Untracked 
| 428|0x000000073fc00000, 0x000000073fc00000, 0x000000073fe00000|  0%| F|  |TAMS 0x000000073fc00000| PB 0x000000073fc00000| Untracked 
| 429|0x000000073fe00000, 0x000000073fe00000, 0x0000000740000000|  0%| F|  |TAMS 0x000000073fe00000| PB 0x000000073fe00000| Untracked 
| 430|0x0000000740000000, 0x0000000740000000, 0x0000000740200000|  0%| F|  |TAMS 0x0000000740000000| PB 0x0000000740000000| Untracked 
| 431|0x0000000740200000, 0x0000000740200000, 0x0000000740400000|  0%| F|  |TAMS 0x0000000740200000| PB 0x0000000740200000| Untracked 
| 432|0x0000000740400000, 0x0000000740400000, 0x0000000740600000|  0%| F|  |TAMS 0x0000000740400000| PB 0x0000000740400000| Untracked 
| 433|0x0000000740600000, 0x0000000740600000, 0x0000000740800000|  0%| F|  |TAMS 0x0000000740600000| PB 0x0000000740600000| Untracked 
| 434|0x0000000740800000, 0x0000000740800000, 0x0000000740a00000|  0%| F|  |TAMS 0x0000000740800000| PB 0x0000000740800000| Untracked 
| 435|0x0000000740a00000, 0x0000000740a00000, 0x0000000740c00000|  0%| F|  |TAMS 0x0000000740a00000| PB 0x0000000740a00000| Untracked 
| 436|0x0000000740c00000, 0x0000000740c00000, 0x0000000740e00000|  0%| F|  |TAMS 0x0000000740c00000| PB 0x0000000740c00000| Untracked 
| 437|0x0000000740e00000, 0x0000000740e00000, 0x0000000741000000|  0%| F|  |TAMS 0x0000000740e00000| PB 0x0000000740e00000| Untracked 
| 438|0x0000000741000000, 0x0000000741000000, 0x0000000741200000|  0%| F|  |TAMS 0x0000000741000000| PB 0x0000000741000000| Untracked 
| 439|0x0000000741200000, 0x0000000741200000, 0x0000000741400000|  0%| F|  |TAMS 0x0000000741200000| PB 0x0000000741200000| Untracked 
| 440|0x0000000741400000, 0x0000000741400000, 0x0000000741600000|  0%| F|  |TAMS 0x0000000741400000| PB 0x0000000741400000| Untracked 
| 441|0x0000000741600000, 0x0000000741600000, 0x0000000741800000|  0%| F|  |TAMS 0x0000000741600000| PB 0x0000000741600000| Untracked 
| 442|0x0000000741800000, 0x0000000741800000, 0x0000000741a00000|  0%| F|  |TAMS 0x0000000741800000| PB 0x0000000741800000| Untracked 
| 443|0x0000000741a00000, 0x0000000741a00000, 0x0000000741c00000|  0%| F|  |TAMS 0x0000000741a00000| PB 0x0000000741a00000| Untracked 
| 444|0x0000000741c00000, 0x0000000741c00000, 0x0000000741e00000|  0%| F|  |TAMS 0x0000000741c00000| PB 0x0000000741c00000| Untracked 
| 445|0x0000000741e00000, 0x0000000741e00000, 0x0000000742000000|  0%| F|  |TAMS 0x0000000741e00000| PB 0x0000000741e00000| Untracked 
| 446|0x0000000742000000, 0x0000000742000000, 0x0000000742200000|  0%| F|  |TAMS 0x0000000742000000| PB 0x0000000742000000| Untracked 
| 447|0x0000000742200000, 0x0000000742200000, 0x0000000742400000|  0%| F|  |TAMS 0x0000000742200000| PB 0x0000000742200000| Untracked 
| 448|0x0000000742400000, 0x0000000742400000, 0x0000000742600000|  0%| F|  |TAMS 0x0000000742400000| PB 0x0000000742400000| Untracked 
| 449|0x0000000742600000, 0x0000000742600000, 0x0000000742800000|  0%| F|  |TAMS 0x0000000742600000| PB 0x0000000742600000| Untracked 
| 450|0x0000000742800000, 0x0000000742800000, 0x0000000742a00000|  0%| F|  |TAMS 0x0000000742800000| PB 0x0000000742800000| Untracked 
| 451|0x0000000742a00000, 0x0000000742a00000, 0x0000000742c00000|  0%| F|  |TAMS 0x0000000742a00000| PB 0x0000000742a00000| Untracked 
| 452|0x0000000742c00000, 0x0000000742c00000, 0x0000000742e00000|  0%| F|  |TAMS 0x0000000742c00000| PB 0x0000000742c00000| Untracked 
| 453|0x0000000742e00000, 0x0000000742e00000, 0x0000000743000000|  0%| F|  |TAMS 0x0000000742e00000| PB 0x0000000742e00000| Untracked 
| 454|0x0000000743000000, 0x0000000743000000, 0x0000000743200000|  0%| F|  |TAMS 0x0000000743000000| PB 0x0000000743000000| Untracked 
| 455|0x0000000743200000, 0x0000000743200000, 0x0000000743400000|  0%| F|  |TAMS 0x0000000743200000| PB 0x0000000743200000| Untracked 
| 456|0x0000000743400000, 0x0000000743400000, 0x0000000743600000|  0%| F|  |TAMS 0x0000000743400000| PB 0x0000000743400000| Untracked 
| 457|0x0000000743600000, 0x0000000743600000, 0x0000000743800000|  0%| F|  |TAMS 0x0000000743600000| PB 0x0000000743600000| Untracked 
| 458|0x0000000743800000, 0x0000000743800000, 0x0000000743a00000|  0%| F|  |TAMS 0x0000000743800000| PB 0x0000000743800000| Untracked 
| 459|0x0000000743a00000, 0x0000000743a00000, 0x0000000743c00000|  0%| F|  |TAMS 0x0000000743a00000| PB 0x0000000743a00000| Untracked 
| 460|0x0000000743c00000, 0x0000000743c00000, 0x0000000743e00000|  0%| F|  |TAMS 0x0000000743c00000| PB 0x0000000743c00000| Untracked 
| 461|0x0000000743e00000, 0x0000000743e00000, 0x0000000744000000|  0%| F|  |TAMS 0x0000000743e00000| PB 0x0000000743e00000| Untracked 
| 462|0x0000000744000000, 0x0000000744000000, 0x0000000744200000|  0%| F|  |TAMS 0x0000000744000000| PB 0x0000000744000000| Untracked 
| 463|0x0000000744200000, 0x0000000744200000, 0x0000000744400000|  0%| F|  |TAMS 0x0000000744200000| PB 0x0000000744200000| Untracked 
| 464|0x0000000744400000, 0x0000000744400000, 0x0000000744600000|  0%| F|  |TAMS 0x0000000744400000| PB 0x0000000744400000| Untracked 
| 465|0x0000000744600000, 0x0000000744600000, 0x0000000744800000|  0%| F|  |TAMS 0x0000000744600000| PB 0x0000000744600000| Untracked 
| 466|0x0000000744800000, 0x0000000744800000, 0x0000000744a00000|  0%| F|  |TAMS 0x0000000744800000| PB 0x0000000744800000| Untracked 
| 467|0x0000000744a00000, 0x0000000744a00000, 0x0000000744c00000|  0%| F|  |TAMS 0x0000000744a00000| PB 0x0000000744a00000| Untracked 
| 468|0x0000000744c00000, 0x0000000744c00000, 0x0000000744e00000|  0%| F|  |TAMS 0x0000000744c00000| PB 0x0000000744c00000| Untracked 
| 469|0x0000000744e00000, 0x0000000744e00000, 0x0000000745000000|  0%| F|  |TAMS 0x0000000744e00000| PB 0x0000000744e00000| Untracked 
| 470|0x0000000745000000, 0x0000000745000000, 0x0000000745200000|  0%| F|  |TAMS 0x0000000745000000| PB 0x0000000745000000| Untracked 
| 471|0x0000000745200000, 0x0000000745200000, 0x0000000745400000|  0%| F|  |TAMS 0x0000000745200000| PB 0x0000000745200000| Untracked 
| 472|0x0000000745400000, 0x0000000745400000, 0x0000000745600000|  0%| F|  |TAMS 0x0000000745400000| PB 0x0000000745400000| Untracked 
| 473|0x0000000745600000, 0x0000000745600000, 0x0000000745800000|  0%| F|  |TAMS 0x0000000745600000| PB 0x0000000745600000| Untracked 
| 474|0x0000000745800000, 0x0000000745800000, 0x0000000745a00000|  0%| F|  |TAMS 0x0000000745800000| PB 0x0000000745800000| Untracked 
| 475|0x0000000745a00000, 0x0000000745a00000, 0x0000000745c00000|  0%| F|  |TAMS 0x0000000745a00000| PB 0x0000000745a00000| Untracked 
| 476|0x0000000745c00000, 0x0000000745c00000, 0x0000000745e00000|  0%| F|  |TAMS 0x0000000745c00000| PB 0x0000000745c00000| Untracked 
| 477|0x0000000745e00000, 0x0000000745e00000, 0x0000000746000000|  0%| F|  |TAMS 0x0000000745e00000| PB 0x0000000745e00000| Untracked 
| 478|0x0000000746000000, 0x0000000746000000, 0x0000000746200000|  0%| F|  |TAMS 0x0000000746000000| PB 0x0000000746000000| Untracked 
| 479|0x0000000746200000, 0x0000000746200000, 0x0000000746400000|  0%| F|  |TAMS 0x0000000746200000| PB 0x0000000746200000| Untracked 
| 480|0x0000000746400000, 0x0000000746400000, 0x0000000746600000|  0%| F|  |TAMS 0x0000000746400000| PB 0x0000000746400000| Untracked 
| 481|0x0000000746600000, 0x0000000746600000, 0x0000000746800000|  0%| F|  |TAMS 0x0000000746600000| PB 0x0000000746600000| Untracked 
| 482|0x0000000746800000, 0x0000000746800000, 0x0000000746a00000|  0%| F|  |TAMS 0x0000000746800000| PB 0x0000000746800000| Untracked 
| 483|0x0000000746a00000, 0x0000000746a00000, 0x0000000746c00000|  0%| F|  |TAMS 0x0000000746a00000| PB 0x0000000746a00000| Untracked 
| 484|0x0000000746c00000, 0x0000000746e00000, 0x0000000746e00000|100%| E|  |TAMS 0x0000000746c00000| PB 0x0000000746c00000| Complete 
| 485|0x0000000746e00000, 0x0000000747000000, 0x0000000747000000|100%| E|CS|TAMS 0x0000000746e00000| PB 0x0000000746e00000| Complete 
| 486|0x0000000747000000, 0x0000000747200000, 0x0000000747200000|100%| E|CS|TAMS 0x0000000747000000| PB 0x0000000747000000| Complete 
| 487|0x0000000747200000, 0x0000000747400000, 0x0000000747400000|100%| E|CS|TAMS 0x0000000747200000| PB 0x0000000747200000| Complete 
| 488|0x0000000747400000, 0x0000000747600000, 0x0000000747600000|100%| E|CS|TAMS 0x0000000747400000| PB 0x0000000747400000| Complete 
| 489|0x0000000747600000, 0x0000000747800000, 0x0000000747800000|100%| E|CS|TAMS 0x0000000747600000| PB 0x0000000747600000| Complete 
| 490|0x0000000747800000, 0x0000000747a00000, 0x0000000747a00000|100%| E|CS|TAMS 0x0000000747800000| PB 0x0000000747800000| Complete 
| 491|0x0000000747a00000, 0x0000000747c00000, 0x0000000747c00000|100%| E|CS|TAMS 0x0000000747a00000| PB 0x0000000747a00000| Complete 
| 492|0x0000000747c00000, 0x0000000747c7e750, 0x0000000747e00000| 24%| S|CS|TAMS 0x0000000747c00000| PB 0x0000000747c00000| Complete 
| 493|0x0000000747e00000, 0x0000000748000000, 0x0000000748000000|100%| E|CS|TAMS 0x0000000747e00000| PB 0x0000000747e00000| Complete 
| 494|0x0000000748000000, 0x0000000748200000, 0x0000000748200000|100%| E|CS|TAMS 0x0000000748000000| PB 0x0000000748000000| Complete 
| 495|0x0000000748200000, 0x0000000748400000, 0x0000000748400000|100%| E|CS|TAMS 0x0000000748200000| PB 0x0000000748200000| Complete 
| 496|0x0000000748400000, 0x0000000748600000, 0x0000000748600000|100%| E|CS|TAMS 0x0000000748400000| PB 0x0000000748400000| Complete 
| 497|0x0000000748600000, 0x0000000748800000, 0x0000000748800000|100%| E|CS|TAMS 0x0000000748600000| PB 0x0000000748600000| Complete 
| 498|0x0000000748800000, 0x0000000748a00000, 0x0000000748a00000|100%| E|CS|TAMS 0x0000000748800000| PB 0x0000000748800000| Complete 
| 499|0x0000000748a00000, 0x0000000748c00000, 0x0000000748c00000|100%| E|CS|TAMS 0x0000000748a00000| PB 0x0000000748a00000| Complete 
| 500|0x0000000748c00000, 0x0000000748e00000, 0x0000000748e00000|100%| E|CS|TAMS 0x0000000748c00000| PB 0x0000000748c00000| Complete 
| 501|0x0000000748e00000, 0x0000000749000000, 0x0000000749000000|100%| E|CS|TAMS 0x0000000748e00000| PB 0x0000000748e00000| Complete 
| 502|0x0000000749000000, 0x0000000749200000, 0x0000000749200000|100%| E|CS|TAMS 0x0000000749000000| PB 0x0000000749000000| Complete 
| 503|0x0000000749200000, 0x0000000749400000, 0x0000000749400000|100%| E|CS|TAMS 0x0000000749200000| PB 0x0000000749200000| Complete 
| 504|0x0000000749400000, 0x0000000749600000, 0x0000000749600000|100%| E|CS|TAMS 0x0000000749400000| PB 0x0000000749400000| Complete 
| 505|0x0000000749600000, 0x0000000749800000, 0x0000000749800000|100%| E|CS|TAMS 0x0000000749600000| PB 0x0000000749600000| Complete 
| 506|0x0000000749800000, 0x0000000749a00000, 0x0000000749a00000|100%| E|CS|TAMS 0x0000000749800000| PB 0x0000000749800000| Complete 
| 507|0x0000000749a00000, 0x0000000749c00000, 0x0000000749c00000|100%| E|CS|TAMS 0x0000000749a00000| PB 0x0000000749a00000| Complete 
| 508|0x0000000749c00000, 0x0000000749e00000, 0x0000000749e00000|100%| S|CS|TAMS 0x0000000749c00000| PB 0x0000000749c00000| Complete 
| 510|0x000000074a000000, 0x000000074a200000, 0x000000074a200000|100%| S|CS|TAMS 0x000000074a000000| PB 0x000000074a000000| Complete 
| 511|0x000000074a200000, 0x000000074a400000, 0x000000074a400000|100%| E|CS|TAMS 0x000000074a200000| PB 0x000000074a200000| Complete 
|1965|0x00000007ffe00000, 0x0000000800000000, 0x0000000800000000|100%| E|CS|TAMS 0x00000007ffe00000| PB 0x00000007ffe00000| Complete 

Card table byte_map: [0x00007fc60c0c4000,0x00007fc60c872000] _byte_map_base: 0x00007fc608872000

Marking Bits: (CMBitMap*) 0x00007fc608084410
 Bits: [0x00007fc5ec690000, 0x00007fc5f0400000)

Polling page: 0x00007fc60f88f000

Metaspace:

Usage:
  Non-class:     56.99 MB used.
      Class:      6.77 MB used.
       Both:     63.76 MB used.

Virtual space:
  Non-class space:       64.00 MB reserved,      57.75 MB ( 90%) committed,  1 nodes.
      Class space:        1.00 GB reserved,       7.31 MB ( <1%) committed,  1 nodes.
             Both:        1.06 GB reserved,      65.06 MB (  6%) committed. 

Chunk freelists:
   Non-Class:  5.67 MB
       Class:  8.58 MB
        Both:  14.25 MB

MaxMetaspaceSize: unlimited
CompressedClassSpaceSize: 1.00 GB
Initial GC threshold: 21.00 MB
Current GC threshold: 102.12 MB
CDS: on
 - commit_granule_bytes: 65536.
 - commit_granule_words: 8192.
 - virtual_space_node_default_size: 8388608.
 - enlarge_chunks_in_place: 1.
 - use_allocation_guard: 0.


Internal statistics:

num_allocs_failed_limit: 21.
num_arena_births: 974.
num_arena_deaths: 14.
num_vsnodes_births: 2.
num_vsnodes_deaths: 0.
num_space_committed: 1041.
num_space_uncommitted: 0.
num_chunks_returned_to_freelist: 35.
num_chunks_taken_from_freelist: 3646.
num_chunk_merges: 27.
num_chunk_splits: 2314.
num_chunks_enlarged: 1405.
num_inconsistent_stats: 0.

CodeHeap 'non-profiled nmethods': size=120028Kb used=5003Kb max_used=5003Kb free=115024Kb
 bounds [0x00007fc5f7ec9000, 0x00007fc5f83b9000, 0x00007fc5ff400000]
CodeHeap 'profiled nmethods': size=120028Kb used=15665Kb max_used=15665Kb free=104362Kb
 bounds [0x00007fc5f0400000, 0x00007fc5f1350000, 0x00007fc5f7937000]
CodeHeap 'non-nmethods': size=5704Kb used=1721Kb max_used=1799Kb free=3982Kb
 bounds [0x00007fc5f7937000, 0x00007fc5f7ba7000, 0x00007fc5f7ec9000]
CodeCache: size=245760Kb, used=22389Kb, max_used=22467Kb, free=223368Kb
 total_blobs=8272, nmethods=7502, adapters=675, full_count=0
Compilation: enabled, stopped_count=0, restarted_count=0

Compilation events (20 events):
Event: 7.592 Thread 0x00007fc6082c51f0 8284       3       org.eclipse.jdt.internal.compiler.codegen.CharArrayCache::putIfAbsent (102 bytes)
Event: 7.592 Thread 0x00007fc6082c51f0 nmethod 8284 0x00007fc5f1341690 code [0x00007fc5f13418a0, 0x00007fc5f1341f18]
Event: 7.592 Thread 0x00007fc6082c51f0 8280       3       org.eclipse.jdt.internal.compiler.classfmt.FieldInfo::getName (49 bytes)
Event: 7.593 Thread 0x00007fc6082c51f0 nmethod 8280 0x00007fc5f1342210 code [0x00007fc5f1342400, 0x00007fc5f1342a10]
Event: 7.593 Thread 0x00007fc6082c51f0 8281       3       org.eclipse.jdt.internal.compiler.lookup.VariableBinding::<init> (47 bytes)
Event: 7.593 Thread 0x00007fc6082c51f0 nmethod 8281 0x00007fc5f1342c90 code [0x00007fc5f1342e40, 0x00007fc5f1343188]
Event: 7.593 Thread 0x00007fc6082c51f0 8270   !   3       org.eclipse.jdt.internal.core.JavaProject::hasJavaNature (38 bytes)
Event: 7.594 Thread 0x00007fc6082c51f0 nmethod 8270 0x00007fc5f1343290 code [0x00007fc5f13434e0, 0x00007fc5f1343eb8]
Event: 7.594 Thread 0x00007fc6082c51f0 8266       1       org.eclipse.jdt.internal.compiler.classfmt.ClassFileReader::getName (5 bytes)
Event: 7.594 Thread 0x00007fc6082c51f0 nmethod 8266 0x00007fc5f83a5390 code [0x00007fc5f83a5520, 0x00007fc5f83a55e8]
Event: 7.595 Thread 0x00007fc6082c51f0 8286       3       java.lang.invoke.Invokers::cachedInvoker (7 bytes)
Event: 7.595 Thread 0x00007fc6082c51f0 nmethod 8286 0x00007fc5f1344310 code [0x00007fc5f13444a0, 0x00007fc5f13445d0]
Event: 7.597 Thread 0x00007fc6082c51f0 8290       3       java.util.Calendar::get (10 bytes)
Event: 7.597 Thread 0x00007fc6082c51f0 nmethod 8290 0x00007fc5f1344690 code [0x00007fc5f1344840, 0x00007fc5f1344aa0]
Event: 7.599 Thread 0x00007fc6082c51f0 8291       1       com.google.gson.stream.JsonWriter::isHtmlSafe (5 bytes)
Event: 7.599 Thread 0x00007fc6082c51f0 nmethod 8291 0x00007fc5f83a5c90 code [0x00007fc5f83a5e20, 0x00007fc5f83a5ee8]
Event: 7.599 Thread 0x00007fc6082c51f0 8292       1       com.google.gson.stream.JsonWriter::getSerializeNulls (5 bytes)
Event: 7.599 Thread 0x00007fc6082c51f0 nmethod 8292 0x00007fc5f83a5f90 code [0x00007fc5f83a6120, 0x00007fc5f83a61e8]
Event: 7.599 Thread 0x00007fc57c099430 nmethod 8195 0x00007fc5f83a6290 code [0x00007fc5f83a6680, 0x00007fc5f83a9a50]
Event: 7.600 Thread 0x00007fc57c099430 8271       4       org.eclipse.jdt.internal.core.util.HashtableOfArrayToObject::hashCode (35 bytes)

GC Heap History (18 events):
Event: 0.858 GC heap before
{Heap before GC invocations=0 (full 0):
 garbage-first heap   total 1050624K, used 52273K [0x000000070a400000, 0x0000000800000000)
  region size 2048K, 25 young (51200K), 0 survivors (0K)
 Metaspace       used 7827K, committed 8128K, reserved 1114112K
  class space    used 756K, committed 896K, reserved 1048576K
}
Event: 0.864 GC heap after
{Heap after GC invocations=1 (full 0):
 garbage-first heap   total 1050624K, used 7121K [0x000000070a400000, 0x0000000800000000)
  region size 2048K, 3 young (6144K), 3 survivors (6144K)
 Metaspace       used 7827K, committed 8128K, reserved 1114112K
  class space    used 756K, committed 896K, reserved 1048576K
}
Event: 1.500 GC heap before
{Heap before GC invocations=1 (full 0):
 garbage-first heap   total 1050624K, used 58321K [0x000000070a400000, 0x0000000800000000)
  region size 2048K, 29 young (59392K), 3 survivors (6144K)
 Metaspace       used 10308K, committed 10624K, reserved 1114112K
  class space    used 1034K, committed 1152K, reserved 1048576K
}
Event: 1.506 GC heap after
{Heap after GC invocations=2 (full 0):
 garbage-first heap   total 1050624K, used 11813K [0x000000070a400000, 0x0000000800000000)
  region size 2048K, 3 young (6144K), 3 survivors (6144K)
 Metaspace       used 10308K, committed 10624K, reserved 1114112K
  class space    used 1034K, committed 1152K, reserved 1048576K
}
Event: 2.637 GC heap before
{Heap before GC invocations=2 (full 0):
 garbage-first heap   total 1050624K, used 95781K [0x000000070a400000, 0x0000000800000000)
  region size 2048K, 45 young (92160K), 3 survivors (6144K)
 Metaspace       used 20733K, committed 21504K, reserved 1114112K
  class space    used 2120K, committed 2496K, reserved 1048576K
}
Event: 2.644 GC heap after
{Heap after GC invocations=3 (full 0):
 garbage-first heap   total 1050624K, used 15864K [0x000000070a400000, 0x0000000800000000)
  region size 2048K, 5 young (10240K), 5 survivors (10240K)
 Metaspace       used 20733K, committed 21504K, reserved 1114112K
  class space    used 2120K, committed 2496K, reserved 1048576K
}
Event: 3.446 GC heap before
{Heap before GC invocations=4 (full 0):
 garbage-first heap   total 1048576K, used 132600K [0x000000070a400000, 0x0000000800000000)
  region size 2048K, 63 young (129024K), 5 survivors (10240K)
 Metaspace       used 35138K, committed 36160K, reserved 1114112K
  class space    used 3479K, committed 3904K, reserved 1048576K
}
Event: 3.456 GC heap after
{Heap after GC invocations=5 (full 0):
 garbage-first heap   total 1048576K, used 21283K [0x000000070a400000, 0x0000000800000000)
  region size 2048K, 8 young (16384K), 8 survivors (16384K)
 Metaspace       used 35138K, committed 36160K, reserved 1114112K
  class space    used 3479K, committed 3904K, reserved 1048576K
}
Event: 3.467 GC heap before
{Heap before GC invocations=5 (full 0):
 garbage-first heap   total 1048576K, used 23331K [0x000000070a400000, 0x0000000800000000)
  region size 2048K, 10 young (20480K), 8 survivors (16384K)
 Metaspace       used 35480K, committed 36480K, reserved 1114112K
  class space    used 3522K, committed 3968K, reserved 1048576K
}
Event: 3.473 GC heap after
{Heap after GC invocations=6 (full 0):
 garbage-first heap   total 1048576K, used 21090K [0x000000070a400000, 0x0000000800000000)
  region size 2048K, 8 young (16384K), 8 survivors (16384K)
 Metaspace       used 35480K, committed 36480K, reserved 1114112K
  class space    used 3522K, committed 3968K, reserved 1048576K
}
Event: 3.481 GC heap before
{Heap before GC invocations=6 (full 0):
 garbage-first heap   total 1048576K, used 23138K [0x000000070a400000, 0x0000000800000000)
  region size 2048K, 10 young (20480K), 8 survivors (16384K)
 Metaspace       used 35789K, committed 36864K, reserved 1114112K
  class space    used 3557K, committed 4032K, reserved 1048576K
}
Event: 3.489 GC heap after
{Heap after GC invocations=7 (full 0):
 garbage-first heap   total 1048576K, used 22097K [0x000000070a400000, 0x0000000800000000)
  region size 2048K, 8 young (16384K), 8 survivors (16384K)
 Metaspace       used 35789K, committed 36864K, reserved 1114112K
  class space    used 3557K, committed 4032K, reserved 1048576K
}
Event: 6.173 GC heap before
{Heap before GC invocations=8 (full 0):
 garbage-first heap   total 1048576K, used 435793K [0x000000070a400000, 0x0000000800000000)
  region size 2048K, 212 young (434176K), 8 survivors (16384K)
 Metaspace       used 60650K, committed 61888K, reserved 1114112K
  class space    used 6497K, committed 7040K, reserved 1048576K
}
Event: 6.192 GC heap after
{Heap after GC invocations=9 (full 0):
 garbage-first heap   total 1048576K, used 42591K [0x000000070a400000, 0x0000000800000000)
  region size 2048K, 18 young (36864K), 18 survivors (36864K)
 Metaspace       used 60650K, committed 61888K, reserved 1114112K
  class space    used 6497K, committed 7040K, reserved 1048576K
}
Event: 6.226 GC heap before
{Heap before GC invocations=9 (full 0):
 garbage-first heap   total 1048576K, used 46687K [0x000000070a400000, 0x0000000800000000)
  region size 2048K, 21 young (43008K), 18 survivors (36864K)
 Metaspace       used 60942K, committed 62208K, reserved 1114112K
  class space    used 6523K, committed 7104K, reserved 1048576K
}
Event: 6.243 GC heap after
{Heap after GC invocations=10 (full 0):
 garbage-first heap   total 1048576K, used 43395K [0x000000070a400000, 0x0000000800000000)
  region size 2048K, 15 young (30720K), 15 survivors (30720K)
 Metaspace       used 60942K, committed 62208K, reserved 1114112K
  class space    used 6523K, committed 7104K, reserved 1048576K
}
Event: 6.277 GC heap before
{Heap before GC invocations=10 (full 0):
 garbage-first heap   total 1048576K, used 45443K [0x000000070a400000, 0x0000000800000000)
  region size 2048K, 17 young (34816K), 15 survivors (30720K)
 Metaspace       used 61269K, committed 62528K, reserved 1114112K
  class space    used 6547K, committed 7104K, reserved 1048576K
}
Event: 6.290 GC heap after
{Heap after GC invocations=11 (full 0):
 garbage-first heap   total 1048576K, used 46663K [0x000000070a400000, 0x0000000800000000)
  region size 2048K, 3 young (6144K), 3 survivors (6144K)
 Metaspace       used 61269K, committed 62528K, reserved 1114112K
  class space    used 6547K, committed 7104K, reserved 1048576K
}

Dll operation events (20 events):
Event: 0.031 Attempting to load shared library /usr/lib/jvm/java-21-openjdk/lib/libjsvml.so
Event: 0.031 Loaded shared library /usr/lib/jvm/java-21-openjdk/lib/libjsvml.so
Event: 0.085 Attempting to load shared library /usr/lib/jvm/java-21-openjdk/lib/libzip.so
Event: 0.085 Loaded shared library /usr/lib/jvm/java-21-openjdk/lib/libzip.so
Event: 0.089 Attempting to load shared library /usr/lib/jvm/java-21-openjdk/lib/libinstrument.so
Event: 0.089 Loaded shared library /usr/lib/jvm/java-21-openjdk/lib/libinstrument.so
Event: 0.091 Attempting to load shared library /usr/lib/jvm/java-21-openjdk/lib/libnio.so
Event: 0.092 Loaded shared library /usr/lib/jvm/java-21-openjdk/lib/libnio.so
Event: 0.095 Attempting to load shared library /usr/lib/jvm/java-21-openjdk/lib/libzip.so
Event: 0.095 Loaded shared library /usr/lib/jvm/java-21-openjdk/lib/libzip.so
Event: 0.111 Attempting to load shared library /usr/lib/jvm/java-21-openjdk/lib/libjimage.so
Event: 0.111 Loaded shared library /usr/lib/jvm/java-21-openjdk/lib/libjimage.so
Event: 0.159 Attempting to load shared library /usr/lib/jvm/java-21-openjdk/lib/libverify.so
Event: 0.159 Loaded shared library /usr/lib/jvm/java-21-openjdk/lib/libverify.so
Event: 0.625 Attempting to load shared library /usr/lib/jvm/java-21-openjdk/lib/libnet.so
Event: 0.625 Loaded shared library /usr/lib/jvm/java-21-openjdk/lib/libnet.so
Event: 1.034 Attempting to load shared library /home/toji/.local/share/zed/extensions/work/java/jdtls/1.61.0/configuration/org.eclipse.equinox.launcher/org.eclipse.equinox.launcher.gtk.linux.x86_64_1.2.1600.v20260804-1928/eclipse_11924.so
Event: 1.035 Loaded shared library /home/toji/.local/share/zed/extensions/work/java/jdtls/1.61.0/configuration/org.eclipse.equinox.launcher/org.eclipse.equinox.launcher.gtk.linux.x86_64_1.2.1600.v20260804-1928/eclipse_11924.so
Event: 3.527 Attempting to load shared library /usr/lib/jvm/java-21-openjdk/lib/libextnet.so
Event: 3.527 Loaded shared library /usr/lib/jvm/java-21-openjdk/lib/libextnet.so

Deoptimization events (20 events):
Event: 7.485 Thread 0x00007fc5e4a4ce20 DEOPT PACKING pc=0x00007fc5f82e00e8 sp=0x00007fc5898103b0
Event: 7.485 Thread 0x00007fc5e4a4ce20 DEOPT UNPACKING pc=0x00007fc5f798af99 sp=0x00007fc589810370 mode 2
Event: 7.485 Thread 0x00007fc5e4a4ce20 Uncommon trap: trap_request=0xffffffc6 fr.pc=0x00007fc5f82e00e8 relative=0x0000000000000568
Event: 7.485 Thread 0x00007fc5e4a4ce20 Uncommon trap: reason=bimorphic_or_optimized_type_check action=maybe_recompile pc=0x00007fc5f82e00e8 method=java.util.regex.Matcher.search(I)Z @ 121 c2
Event: 7.485 Thread 0x00007fc5e4a4ce20 DEOPT PACKING pc=0x00007fc5f82e00e8 sp=0x00007fc589810420
Event: 7.485 Thread 0x00007fc5e4a4ce20 DEOPT UNPACKING pc=0x00007fc5f798af99 sp=0x00007fc5898103e0 mode 2
Event: 7.522 Thread 0x00007fc5e4a4ce20 Uncommon trap: trap_request=0xffffff45 fr.pc=0x00007fc5f833a614 relative=0x0000000000008514
Event: 7.522 Thread 0x00007fc5e4a4ce20 Uncommon trap: reason=unstable_if action=reinterpret pc=0x00007fc5f833a614 method=org.eclipse.jdt.internal.compiler.lookup.BinaryTypeBinding.createMethod(Lorg/eclipse/jdt/internal/compiler/env/IBinaryMethod;Lorg/eclipse/jdt/internal/compiler/env/IBinaryTy
Event: 7.522 Thread 0x00007fc5e4a4ce20 DEOPT PACKING pc=0x00007fc5f833a614 sp=0x00007fc58980f580
Event: 7.522 Thread 0x00007fc5e4a4ce20 DEOPT UNPACKING pc=0x00007fc5f798af99 sp=0x00007fc58980f578 mode 2
Event: 7.534 Thread 0x00007fc5e4a4ce20 DEOPT PACKING pc=0x00007fc5f074a6aa sp=0x00007fc58980f400
Event: 7.534 Thread 0x00007fc5e4a4ce20 DEOPT UNPACKING pc=0x00007fc5f798b72f sp=0x00007fc58980e848 mode 0
Event: 7.565 Thread 0x00007fc5e4a4ce20 Uncommon trap: trap_request=0xffffff6e fr.pc=0x00007fc5f839e2f8 relative=0x0000000000000398
Event: 7.565 Thread 0x00007fc5e4a4ce20 Uncommon trap: reason=loop_limit_check action=maybe_recompile pc=0x00007fc5f839e2f8 method=org.eclipse.jdt.internal.core.util.HashtableOfArrayToObject.hashCode([Ljava/lang/Object;I)I @ 27 c2
Event: 7.565 Thread 0x00007fc5e4a4ce20 DEOPT PACKING pc=0x00007fc5f839e2f8 sp=0x00007fc58980f9b0
Event: 7.565 Thread 0x00007fc5e4a4ce20 DEOPT UNPACKING pc=0x00007fc5f798af99 sp=0x00007fc58980f958 mode 2
Event: 7.600 Thread 0x00007fc5e4a4ce20 Uncommon trap: trap_request=0xffffffc6 fr.pc=0x00007fc5f82e00e8 relative=0x0000000000000568
Event: 7.600 Thread 0x00007fc5e4a4ce20 Uncommon trap: reason=bimorphic_or_optimized_type_check action=maybe_recompile pc=0x00007fc5f82e00e8 method=java.util.regex.Matcher.search(I)Z @ 121 c2
Event: 7.600 Thread 0x00007fc5e4a4ce20 DEOPT PACKING pc=0x00007fc5f82e00e8 sp=0x00007fc5898103b0
Event: 7.600 Thread 0x00007fc5e4a4ce20 DEOPT UNPACKING pc=0x00007fc5f798af99 sp=0x00007fc589810370 mode 2

Classes loaded (20 events):
Event: 6.414 Loading class java/util/stream/ReferencePipeline$4
Event: 6.414 Loading class java/util/stream/ReferencePipeline$4 done
Event: 6.415 Loading class java/util/stream/Nodes$IntFixedNodeBuilder
Event: 6.415 Loading class java/util/stream/Node$Builder$OfInt
Event: 6.415 Loading class java/util/stream/Node$Builder$OfInt done
Event: 6.415 Loading class java/util/stream/Nodes$IntArrayNode
Event: 6.415 Loading class java/util/stream/Nodes$IntArrayNode done
Event: 6.415 Loading class java/util/stream/Nodes$IntFixedNodeBuilder done
Event: 6.415 Loading class java/util/stream/ReferencePipeline$4$1
Event: 6.415 Loading class java/util/stream/ReferencePipeline$4$1 done
Event: 6.489 Loading class java/util/concurrent/CompletableFuture$UniApply
Event: 6.490 Loading class java/util/concurrent/CompletableFuture$UniCompletion
Event: 6.490 Loading class java/util/concurrent/CompletableFuture$UniCompletion done
Event: 6.490 Loading class java/util/concurrent/CompletableFuture$UniApply done
Event: 6.490 Loading class java/util/concurrent/CompletableFuture$UniAccept
Event: 6.490 Loading class java/util/concurrent/CompletableFuture$UniAccept done
Event: 6.491 Loading class java/util/concurrent/CompletableFuture$UniExceptionally
Event: 6.491 Loading class java/util/concurrent/CompletableFuture$UniExceptionally done
Event: 6.886 Loading class java/util/concurrent/CompletableFuture$Signaller
Event: 6.886 Loading class java/util/concurrent/CompletableFuture$Signaller done

Classes unloaded (7 events):
Event: 6.306 Thread 0x00007fc6082b34c0 Unloading class 0x00007fc5901aec00 'java/lang/invoke/LambdaForm$MH+0x00007fc5901aec00'
Event: 6.306 Thread 0x00007fc6082b34c0 Unloading class 0x00007fc5901ae800 'java/lang/invoke/LambdaForm$MH+0x00007fc5901ae800'
Event: 6.306 Thread 0x00007fc6082b34c0 Unloading class 0x00007fc5901ae400 'java/lang/invoke/LambdaForm$MH+0x00007fc5901ae400'
Event: 6.306 Thread 0x00007fc6082b34c0 Unloading class 0x00007fc5901ae000 'java/lang/invoke/LambdaForm$MH+0x00007fc5901ae000'
Event: 6.306 Thread 0x00007fc6082b34c0 Unloading class 0x00007fc5901adc00 'java/lang/invoke/LambdaForm$BMH+0x00007fc5901adc00'
Event: 6.306 Thread 0x00007fc6082b34c0 Unloading class 0x00007fc5901ad800 'java/lang/invoke/LambdaForm$DMH+0x00007fc5901ad800'
Event: 6.306 Thread 0x00007fc6082b34c0 Unloading class 0x00007fc5901ac800 'java/lang/invoke/LambdaForm$DMH+0x00007fc5901ac800'

Classes redefined (0 events):
No events

Internal exceptions (20 events):
Event: 4.781 Thread 0x00007fc608720e60 Exception <a 'java/lang/IncompatibleClassChangeError'{0x000000073fe8f5a8}: Found class java.lang.Object, but interface was expected> (0x000000073fe8f5a8) 
thrown [/usr/src/debug/java21-openjdk/jdk21u-jdk-21.0.12-8/src/hotspot/share/interpreter/linkResolver.cpp, line 840]
Event: 4.783 Thread 0x00007fc5d40087c0 Exception <a 'java/lang/NoSuchMethodError'{0x00000007401ea4b0}: 'int java.lang.invoke.DirectMethodHandle$Holder.invokeInterface(java.lang.Object, java.lang.Object)'> (0x00000007401ea4b0) 
thrown [/usr/src/debug/java21-openjdk/jdk21u-jdk-21.0.12-8/src/hotspot/share/interpreter/linkResolver.cpp, line 772]
Event: 4.783 Thread 0x00007fc5d40087c0 Exception <a 'java/lang/IncompatibleClassChangeError'{0x00000007401ed4d0}: Found class java.lang.Object, but interface was expected> (0x00000007401ed4d0) 
thrown [/usr/src/debug/java21-openjdk/jdk21u-jdk-21.0.12-8/src/hotspot/share/interpreter/linkResolver.cpp, line 840]
Event: 4.873 Thread 0x00007fc608720e60 Exception <a 'java/lang/NoSuchMethodError'{0x000000073f92cd70}: 'void java.lang.invoke.Invokers$Holder.invokeExact_MT(java.lang.Object, java.lang.Object, int, java.lang.Object)'> (0x000000073f92cd70) 
thrown [/usr/src/debug/java21-openjdk/jdk21u-jdk-21.0.12-8/src/hotspot/share/interpreter/linkResolver.cpp, line 772]
Event: 4.921 Thread 0x00007fc57400c6c0 Exception <a 'java/lang/NoSuchMethodError'{0x000000073f5749f8}: 'java.lang.Object java.lang.invoke.DirectMethodHandle$Holder.invokeSpecial(java.lang.Object, java.lang.Object, int, long)'> (0x000000073f5749f8) 
thrown [/usr/src/debug/java21-openjdk/jdk21u-jdk-21.0.12-8/src/hotspot/share/interpreter/linkResolver.cpp, line 772]
Event: 4.938 Thread 0x00007fc608720e60 Implicit null exception at 0x00007fc5f819a8a8 to 0x00007fc5f819ab7c
Event: 4.938 Thread 0x00007fc608720e60 Exception <a 'java/lang/NoSuchMethodError'{0x000000073ee4cc08}: 'java.lang.Object java.lang.invoke.DelegatingMethodHandle$Holder.reinvoke_L(java.lang.Object, int, long, java.lang.Object, java.lang.Object, int, java.lang.Object)'> (0x000000073ee4cc08) 
thrown [/usr/src/debug/java21-openjdk/jdk21u-jdk-21.0.12-8/src/hotspot/share/interpreter/linkResolver.cpp, line 772]
Event: 5.010 Thread 0x00007fc608720e60 Exception <a 'java/lang/NoSuchMethodError'{0x000000073e8cb2c8}: 'java.lang.Object java.lang.invoke.Invokers$Holder.invoke_MT(java.lang.Object, java.lang.Object, java.lang.Object, java.lang.Object, java.lang.Object, java.lang.Object, java.lang.Object, java.lang.Object, java.lang.Object, java.lang.Object)'> (0x000000073e8cb2c8) 
thrown [/usr/src/debug/java21-openjdk/jdk21u-jdk-21.0.12-8/src/hotspot/share/interpreter/linkResolver.cpp, line 772]
Event: 6.041 Thread 0x00007fc608720e60 Exception <a 'java/io/FileNotFoundException'{0x000000073024b5e0}> (0x000000073024b5e0) 
thrown [/usr/src/debug/java21-openjdk/jdk21u-jdk-21.0.12-8/src/hotspot/share/prims/jni.cpp, line 520]
Event: 6.041 Thread 0x00007fc608720e60 Exception <a 'java/io/FileNotFoundException'{0x000000073024c520}> (0x000000073024c520) 
thrown [/usr/src/debug/java21-openjdk/jdk21u-jdk-21.0.12-8/src/hotspot/share/prims/jni.cpp, line 520]
Event: 6.080 Thread 0x00007fc608720e60 Exception <a 'java/lang/NoSuchMethodError'{0x00000007300d47c0}: 'int java.lang.invoke.Invokers$Holder.invokeExact_MT(java.lang.Object, java.lang.Object)'> (0x00000007300d47c0) 
thrown [/usr/src/debug/java21-openjdk/jdk21u-jdk-21.0.12-8/src/hotspot/share/interpreter/linkResolver.cpp, line 772]
Event: 6.116 Thread 0x00007fc608720e60 Exception <a 'java/lang/IncompatibleClassChangeError'{0x000000072fe899e0}: Found class java.lang.Object, but interface was expected> (0x000000072fe899e0) 
thrown [/usr/src/debug/java21-openjdk/jdk21u-jdk-21.0.12-8/src/hotspot/share/interpreter/linkResolver.cpp, line 840]
Event: 6.433 Thread 0x00007fc608720e60 Exception <a 'java/lang/NoSuchMethodError'{0x000000074970a160}: 'int java.lang.invoke.DirectMethodHandle$Holder.invokeSpecialIFC(java.lang.Object, java.lang.Object, java.lang.Object)'> (0x000000074970a160) 
thrown [/usr/src/debug/java21-openjdk/jdk21u-jdk-21.0.12-8/src/hotspot/share/interpreter/linkResolver.cpp, line 772]
Event: 6.488 Thread 0x00007fc608720e60 Exception <a 'java/lang/IncompatibleClassChangeError'{0x00000007495bbbf0}: Found class java.lang.Object, but interface was expected> (0x00000007495bbbf0) 
thrown [/usr/src/debug/java21-openjdk/jdk21u-jdk-21.0.12-8/src/hotspot/share/interpreter/linkResolver.cpp, line 840]
Event: 6.497 Thread 0x00007fc608720e60 Exception <a 'java/lang/IncompatibleClassChangeError'{0x00000007490510c0}: Found class java.lang.Object, but interface was expected> (0x00000007490510c0) 
thrown [/usr/src/debug/java21-openjdk/jdk21u-jdk-21.0.12-8/src/hotspot/share/interpreter/linkResolver.cpp, line 840]
Event: 7.058 Thread 0x00007fc5e04168a0 Exception <a 'java/lang/NoSuchMethodError'{0x0000000747b26a60}: 'java.lang.Object java.lang.invoke.Invokers$Holder.linkToTargetMethod(java.lang.Object, int, java.lang.Object, java.lang.Object, java.lang.Object, java.lang.Object, java.lang.Object)'> (0x0000000747b26a60) 
thrown [/usr/src/debug/java21-openjdk/jdk21u-jdk-21.0.12-8/src/hotspot/share/interpreter/linkResolver.cpp, line 772]
Event: 7.106 Thread 0x00007fc5e04846f0 Exception <a 'java/lang/NoSuchMethodError'{0x0000000748d0d938}: 'java.lang.Object java.lang.invoke.DirectMethodHandle$Holder.invokeStatic(java.lang.Object, int, java.lang.Object, java.lang.Object, java.lang.Object, java.lang.Object)'> (0x0000000748d0d938) 
thrown [/usr/src/debug/java21-openjdk/jdk21u-jdk-21.0.12-8/src/hotspot/share/interpreter/linkResolver.cpp, line 772]
Event: 7.556 Thread 0x00007fc5e4a4ce20 Exception <a 'java/io/FileNotFoundException'{0x0000000746fa1e48}> (0x0000000746fa1e48) 
thrown [/usr/src/debug/java21-openjdk/jdk21u-jdk-21.0.12-8/src/hotspot/share/prims/jni.cpp, line 520]
Event: 7.556 Thread 0x00007fc5e4a4ce20 Exception <a 'java/io/FileNotFoundException'{0x0000000746fa2cf0}> (0x0000000746fa2cf0) 
thrown [/usr/src/debug/java21-openjdk/jdk21u-jdk-21.0.12-8/src/hotspot/share/prims/jni.cpp, line 520]
Event: 7.556 Thread 0x00007fc5e4a4ce20 Exception <a 'java/io/FileNotFoundException'{0x0000000746fa3980}> (0x0000000746fa3980) 
thrown [/usr/src/debug/java21-openjdk/jdk21u-jdk-21.0.12-8/src/hotspot/share/prims/jni.cpp, line 520]

ZGC Phase Switch (0 events):
No events

VM Operations (20 events):
Event: 5.816 Executing safepoint VM operation: ICBufferFull
Event: 5.816 Executing safepoint VM operation: ICBufferFull done
Event: 6.078 Executing non-safepoint VM operation: HandshakeAllThreads (Deoptimize)
Event: 6.078 Executing non-safepoint VM operation: HandshakeAllThreads (Deoptimize) done
Event: 6.164 Executing non-safepoint VM operation: HandshakeAllThreads (Deoptimize)
Event: 6.164 Executing non-safepoint VM operation: HandshakeAllThreads (Deoptimize) done
Event: 6.173 Executing safepoint VM operation: CollectForMetadataAllocation (Metadata GC Threshold)
Event: 6.192 Executing safepoint VM operation: CollectForMetadataAllocation (Metadata GC Threshold) done
Event: 6.226 Executing safepoint VM operation: CollectForMetadataAllocation (Metadata GC Threshold)
Event: 6.243 Executing safepoint VM operation: CollectForMetadataAllocation (Metadata GC Threshold) done
Event: 6.277 Executing safepoint VM operation: CollectForMetadataAllocation (Metadata GC Threshold)
Event: 6.290 Executing safepoint VM operation: CollectForMetadataAllocation (Metadata GC Threshold) done
Event: 6.306 Executing safepoint VM operation: G1PauseRemark
Event: 6.314 Executing safepoint VM operation: G1PauseRemark done
Event: 6.323 Executing safepoint VM operation: G1PauseCleanup
Event: 6.323 Executing safepoint VM operation: G1PauseCleanup done
Event: 6.897 Executing safepoint VM operation: ICBufferFull
Event: 6.897 Executing safepoint VM operation: ICBufferFull done
Event: 7.591 Executing safepoint VM operation: ICBufferFull
Event: 7.591 Executing safepoint VM operation: ICBufferFull done

Memory protections (20 events):
Event: 2.078 Protecting memory [0x00007fc589aec000,0x00007fc589af0000] with protection modes 0
Event: 2.258 Protecting memory [0x00007fc589813000,0x00007fc589817000] with protection modes 0
Event: 2.274 Protecting memory [0x00007fc589712000,0x00007fc589716000] with protection modes 0
Event: 3.107 Protecting memory [0x00007fc58940f000,0x00007fc589413000] with protection modes 0
Event: 3.296 Protecting memory [0x00007fc58930e000,0x00007fc589312000] with protection modes 0
Event: 3.322 Protecting memory [0x00007fc58920d000,0x00007fc589211000] with protection modes 0
Event: 3.339 Protecting memory [0x00007fc58910c000,0x00007fc589110000] with protection modes 0
Event: 3.582 Protecting memory [0x00007fc58900b000,0x00007fc58900f000] with protection modes 0
Event: 3.583 Protecting memory [0x00007fc588f0a000,0x00007fc588f0e000] with protection modes 0
Event: 3.683 Protecting memory [0x00007fc588e09000,0x00007fc588e0d000] with protection modes 0
Event: 3.872 Protecting memory [0x00007fc588d08000,0x00007fc588d0c000] with protection modes 0
Event: 3.930 Protecting memory [0x00007fc588d08000,0x00007fc588d0c000] with protection modes 0
Event: 4.046 Protecting memory [0x00007fc588c07000,0x00007fc588c0b000] with protection modes 0
Event: 4.697 Protecting memory [0x00007fc588b06000,0x00007fc588b0a000] with protection modes 0
Event: 4.697 Protecting memory [0x00007fc588a05000,0x00007fc588a09000] with protection modes 0
Event: 4.785 Protecting memory [0x00007fc588904000,0x00007fc588908000] with protection modes 0
Event: 6.490 Protecting memory [0x00007fc588904000,0x00007fc588908000] with protection modes 0
Event: 6.491 Protecting memory [0x00007fc588803000,0x00007fc588807000] with protection modes 0
Event: 6.537 Protecting memory [0x00007fc588702000,0x00007fc588706000] with protection modes 0
Event: 7.547 Protecting memory [0x00007fc5dc625000,0x00007fc5dc629000] with protection modes 0

Nmethod flushes (20 events):
Event: 6.313 Thread 0x00007fc6082b34c0 flushing  nmethod 0x00007fc5f064a210
Event: 6.313 Thread 0x00007fc6082b34c0 flushing  nmethod 0x00007fc5f06c1e10
Event: 6.313 Thread 0x00007fc6082b34c0 flushing  nmethod 0x00007fc5f07b7010
Event: 6.313 Thread 0x00007fc6082b34c0 flushing  nmethod 0x00007fc5f088fd90
Event: 6.313 Thread 0x00007fc6082b34c0 flushing  nmethod 0x00007fc5f08c7510
Event: 6.313 Thread 0x00007fc6082b34c0 flushing  nmethod 0x00007fc5f0b0a790
Event: 6.313 Thread 0x00007fc6082b34c0 flushing  nmethod 0x00007fc5f0bcb090
Event: 6.313 Thread 0x00007fc6082b34c0 flushing osr nmethod 0x00007fc5f0cb2b90
Event: 6.313 Thread 0x00007fc6082b34c0 flushing  nmethod 0x00007fc5f0d11190
Event: 6.313 Thread 0x00007fc6082b34c0 flushing  nmethod 0x00007fc5f0da5690
Event: 6.313 Thread 0x00007fc6082b34c0 flushing  nmethod 0x00007fc5f7fcb490
Event: 6.313 Thread 0x00007fc6082b34c0 flushing  nmethod 0x00007fc5f8099890
Event: 6.313 Thread 0x00007fc6082b34c0 flushing  nmethod 0x00007fc5f0488d90
Event: 6.313 Thread 0x00007fc6082b34c0 flushing  nmethod 0x00007fc5f05a4390
Event: 6.313 Thread 0x00007fc6082b34c0 flushing  nmethod 0x00007fc5f06aa110
Event: 6.313 Thread 0x00007fc6082b34c0 flushing  nmethod 0x00007fc5f07f1190
Event: 6.313 Thread 0x00007fc6082b34c0 flushing  nmethod 0x00007fc5f08a4310
Event: 6.313 Thread 0x00007fc6082b34c0 flushing  nmethod 0x00007fc5f08e8190
Event: 6.313 Thread 0x00007fc6082b34c0 flushing  nmethod 0x00007fc5f096e990
Event: 6.313 Thread 0x00007fc6082b34c0 flushing  nmethod 0x00007fc5f0d04a10

Events (20 events):
Event: 3.107 Thread 0x00007fc608631d20 Thread added: 0x00007fc5e4ff2d90
Event: 3.296 Thread 0x00007fc5e4a4ce20 Thread added: 0x00007fc57400c6c0
Event: 3.322 Thread 0x00007fc57400c6c0 Thread added: 0x00007fc5d40087c0
Event: 3.339 Thread 0x00007fc60801c670 Thread added: 0x00007fc60867e2b0
Event: 3.582 Thread 0x00007fc60801c670 Thread added: 0x00007fc60871fac0
Event: 3.582 Thread 0x00007fc60801c670 Thread added: 0x00007fc608720e60
Event: 3.683 Thread 0x00007fc57400c6c0 Thread added: 0x00007fc5d40195e0
Event: 3.872 Thread 0x00007fc5e4a4ce20 Thread added: 0x00007fc5740928f0
Event: 3.872 Thread 0x00007fc5740928f0 Thread exited: 0x00007fc5740928f0
Event: 3.930 Thread 0x00007fc5d40195e0 Thread added: 0x00007fc5e80126b0
Event: 4.046 Thread 0x00007fc5e4a4ce20 Thread added: 0x00007fc574093d20
Event: 4.697 Thread 0x00007fc5e4a3ff50 Thread added: 0x00005569d4cafa60
Event: 4.697 Thread 0x00005569d4cafa60 Thread added: 0x00007fc580e0e7f0
Event: 4.785 Thread 0x00007fc5d40087c0 Thread added: 0x00007fc5d0468400
Event: 4.833 Thread 0x00007fc5d0468400 Thread exited: 0x00007fc5d0468400
Event: 6.490 Thread 0x00007fc608720e60 Thread added: 0x00007fc5e0415c90
Event: 6.491 Thread 0x00007fc608720e60 Thread added: 0x00007fc5e04168a0
Event: 6.537 Thread 0x00007fc608720e60 Thread added: 0x00007fc5e04846f0
Event: 7.483 Thread 0x00007fc58009c310 Thread exited: 0x00007fc58009c310
Event: 7.546 Thread 0x00007fc6082c51f0 Thread added: 0x00007fc57c7a6eb0


Dynamic libraries:
70a400000-749e00000 rw-p 00000000 00:00 0 
749e00000-74a000000 ---p 00000000 00:00 0 
74a000000-74a400000 rw-p 00000000 00:00 0 
74a400000-7ffe00000 ---p 00000000 00:00 0 
7ffe00000-7fff0d000 rw-p 00cdb000 103:02 18118035                        /usr/lib/jvm/java-21-openjdk/lib/server/classes.jsa
7fff0d000-800000000 rw-p 00000000 00:00 0 
5569cf885000-5569cf886000 r--p 00000000 103:02 18117761                  /usr/lib/jvm/java-21-openjdk/bin/java
5569cf886000-5569cf887000 r-xp 00001000 103:02 18117761                  /usr/lib/jvm/java-21-openjdk/bin/java
5569cf887000-5569cf888000 r--p 00002000 103:02 18117761                  /usr/lib/jvm/java-21-openjdk/bin/java
5569cf888000-5569cf889000 r--p 00002000 103:02 18117761                  /usr/lib/jvm/java-21-openjdk/bin/java
5569cf889000-5569cf88a000 rw-p 00003000 103:02 18117761                  /usr/lib/jvm/java-21-openjdk/bin/java
5569d4b83000-5569d4cd0000 rw-p 00000000 00:00 0                          [heap]
7fc56b400000-7fc573f0b000 r--s 00000000 103:02 18118026                  /usr/lib/jvm/java-21-openjdk/lib/modules
7fc574000000-7fc5740d8000 rw-p 00000000 00:00 0 
7fc5740d8000-7fc578000000 ---p 00000000 00:00 0 
7fc57c000000-7fc57c844000 rw-p 00000000 00:00 0 
7fc57c844000-7fc580000000 ---p 00000000 00:00 0 
7fc580000000-7fc581c20000 rw-p 00000000 00:00 0 
7fc581c20000-7fc584000000 ---p 00000000 00:00 0 
7fc584000000-7fc5859d6000 rw-p 00000000 00:00 0 
7fc5859d6000-7fc588000000 ---p 00000000 00:00 0 
7fc588701000-7fc588702000 rw-p 00000000 00:00 0 
7fc588702000-7fc588706000 ---p 00000000 00:00 0 
7fc588706000-7fc588803000 rw-p 00000000 00:00 0 
7fc588803000-7fc588807000 ---p 00000000 00:00 0 
7fc588807000-7fc588904000 rw-p 00000000 00:00 0 
7fc588904000-7fc588908000 ---p 00000000 00:00 0 
7fc588908000-7fc588a05000 rw-p 00000000 00:00 0 
7fc588a05000-7fc588a09000 ---p 00000000 00:00 0 
7fc588a09000-7fc588b06000 rw-p 00000000 00:00 0 
7fc588b06000-7fc588b0a000 ---p 00000000 00:00 0 
7fc588b0a000-7fc588c07000 rw-p 00000000 00:00 0 
7fc588c07000-7fc588c0b000 ---p 00000000 00:00 0 
7fc588c0b000-7fc588d08000 rw-p 00000000 00:00 0 
7fc588d08000-7fc588d0c000 ---p 00000000 00:00 0 
7fc588d0c000-7fc588e09000 rw-p 00000000 00:00 0 
7fc588e09000-7fc588e0d000 ---p 00000000 00:00 0 
7fc588e0d000-7fc588f0a000 rw-p 00000000 00:00 0 
7fc588f0a000-7fc588f0e000 ---p 00000000 00:00 0 
7fc588f0e000-7fc58900b000 rw-p 00000000 00:00 0 
7fc58900b000-7fc58900f000 ---p 00000000 00:00 0 
7fc58900f000-7fc58910c000 rw-p 00000000 00:00 0 
7fc58910c000-7fc589110000 ---p 00000000 00:00 0 
7fc589110000-7fc58920d000 rw-p 00000000 00:00 0 
7fc58920d000-7fc589211000 ---p 00000000 00:00 0 
7fc589211000-7fc58930e000 rw-p 00000000 00:00 0 
7fc58930e000-7fc589312000 ---p 00000000 00:00 0 
7fc589312000-7fc58940f000 rw-p 00000000 00:00 0 
7fc58940f000-7fc589413000 ---p 00000000 00:00 0 
7fc589413000-7fc589712000 rw-p 00000000 00:00 0 
7fc589712000-7fc589716000 ---p 00000000 00:00 0 
7fc589716000-7fc589813000 rw-p 00000000 00:00 0 
7fc589813000-7fc589817000 ---p 00000000 00:00 0 
7fc589817000-7fc589914000 rw-p 00000000 00:00 0 
7fc589914000-7fc589918000 ---p 00000000 00:00 0 
7fc589918000-7fc589a14000 rw-p 00000000 00:00 0 
7fc589aeb000-7fc589aec000 rw-p 00000000 00:00 0 
7fc589aec000-7fc589af0000 ---p 00000000 00:00 0 
7fc589af0000-7fc589bed000 rw-p 00000000 00:00 0 
7fc589bed000-7fc589bf1000 ---p 00000000 00:00 0 
7fc589bf1000-7fc589cee000 rw-p 00000000 00:00 0 
7fc589cee000-7fc589cf2000 ---p 00000000 00:00 0 
7fc589cf2000-7fc589def000 rw-p 00000000 00:00 0 
7fc589def000-7fc589df3000 ---p 00000000 00:00 0 
7fc589df3000-7fc589ef0000 rw-p 00000000 00:00 0 
7fc589ef0000-7fc589ef4000 ---p 00000000 00:00 0 
7fc589ef4000-7fc589ff1000 rw-p 00000000 00:00 0 
7fc589ff1000-7fc589ff5000 ---p 00000000 00:00 0 
7fc589ff5000-7fc58a0f2000 rw-p 00000000 00:00 0 
7fc58a0f2000-7fc58a0f6000 ---p 00000000 00:00 0 
7fc58a0f6000-7fc58a1f3000 rw-p 00000000 00:00 0 
7fc58a1f3000-7fc58a1f7000 ---p 00000000 00:00 0 
7fc58a1f7000-7fc58a2f4000 rw-p 00000000 00:00 0 
7fc58a2f4000-7fc58a2f8000 ---p 00000000 00:00 0 
7fc58a2f8000-7fc58a3f5000 rw-p 00000000 00:00 0 
7fc58a3f5000-7fc58a3f9000 ---p 00000000 00:00 0 
7fc58a3f9000-7fc58a4f6000 rw-p 00000000 00:00 0 
7fc58a4f6000-7fc58a4fa000 ---p 00000000 00:00 0 
7fc58a4fa000-7fc58a5f7000 rw-p 00000000 00:00 0 
7fc58a5f7000-7fc58a5fb000 ---p 00000000 00:00 0 
7fc58a5fb000-7fc58a6f8000 rw-p 00000000 00:00 0 
7fc58a6f8000-7fc58a6fc000 ---p 00000000 00:00 0 
7fc58a6fc000-7fc58a7f9000 rw-p 00000000 00:00 0 
7fc58a7f9000-7fc58a7fd000 ---p 00000000 00:00 0 
7fc58a7fd000-7fc58a8fa000 rw-p 00000000 00:00 0 
7fc58a8fa000-7fc58a8fe000 ---p 00000000 00:00 0 
7fc58a8fe000-7fc58a9fb000 rw-p 00000000 00:00 0 
7fc58a9fb000-7fc58a9ff000 ---p 00000000 00:00 0 
7fc58a9ff000-7fc58b000000 rw-p 00000000 00:00 0 
7fc58b000000-7fc58b400000 rw-p 00000000 00:00 0 
7fc58b400000-7fc58b700000 rw-p 00000000 00:00 0 
7fc58b700000-7fc58b800000 rw-p 00000000 00:00 0 
7fc58b800000-7fc58bb00000 rw-p 00000000 00:00 0 
7fc58bb00000-7fc58bd00000 rw-p 00000000 00:00 0 
7fc58bd00000-7fc58be00000 rw-p 00000000 00:00 0 
7fc58be00000-7fc58c900000 rw-p 00000000 00:00 0 
7fc58c900000-7fc58ca00000 rw-p 00000000 00:00 0 
7fc58ca00000-7fc58cb00000 rw-p 00000000 00:00 0 
7fc58cb00000-7fc58cc00000 rw-p 00000000 00:00 0 
7fc58cc00000-7fc58cd80000 rw-p 00000000 00:00 0 
7fc58cd80000-7fc58ce00000 rw-p 00000000 00:00 0 
7fc58ce00000-7fc58cf00000 rw-p 00000000 00:00 0 
7fc58cf00000-7fc58d100000 rw-p 00000000 00:00 0 
7fc58d100000-7fc58d200000 rw-p 00000000 00:00 0 
7fc58d200000-7fc58d300000 rw-p 00000000 00:00 0 
7fc58d300000-7fc58d400000 rw-p 00000000 00:00 0 
7fc58d400000-7fc58d580000 rw-p 00000000 00:00 0 
7fc58d580000-7fc58d600000 rw-p 00000000 00:00 0 
7fc58d600000-7fc58d980000 rw-p 00000000 00:00 0 
7fc58d980000-7fc58da00000 rw-p 00000000 00:00 0 
7fc58da00000-7fc58df00000 rw-p 00000000 00:00 0 
7fc58df00000-7fc58df60000 rw-p 00000000 00:00 0 
7fc58df60000-7fc58e000000 ---p 00000000 00:00 0 
7fc58e000000-7fc58ea60000 rw-p 00000000 00:00 0 
7fc58ea60000-7fc58f000000 ---p 00000000 00:00 0 
7fc58f000000-7fc58fc9c000 rw-p 00001000 103:02 18118035                  /usr/lib/jvm/java-21-openjdk/lib/server/classes.jsa
7fc58fc9c000-7fc590000000 ---p 00000000 00:00 0 
7fc590000000-7fc590040000 rw-p 00000000 00:00 0 
7fc590040000-7fc5900c0000 rw-p 00000000 00:00 0 
7fc5900c0000-7fc590100000 rw-p 00000000 00:00 0 
7fc590100000-7fc590200000 rw-p 00000000 00:00 0 
7fc590200000-7fc590380000 rw-p 00000000 00:00 0 
7fc590380000-7fc5903c0000 rw-p 00000000 00:00 0 
7fc5903c0000-7fc590400000 rw-p 00000000 00:00 0 
7fc590400000-7fc590460000 rw-p 00000000 00:00 0 
7fc590460000-7fc590480000 rw-p 00000000 00:00 0 
7fc590480000-7fc5904e0000 rw-p 00000000 00:00 0 
7fc5904e0000-7fc590500000 ---p 00000000 00:00 0 
7fc590500000-7fc590770000 rw-p 00000000 00:00 0 
7fc590770000-7fc5d0000000 ---p 00000000 00:00 0 
7fc5d0000000-7fc5d05bb000 rw-p 00000000 00:00 0 
7fc5d05bb000-7fc5d4000000 ---p 00000000 00:00 0 
7fc5d4000000-7fc5d40c0000 rw-p 00000000 00:00 0 
7fc5d40c0000-7fc5d8000000 ---p 00000000 00:00 0 
7fc5d8000000-7fc5d9854000 rw-p 00000000 00:00 0 
7fc5d9854000-7fc5dc000000 ---p 00000000 00:00 0 
7fc5dc01e000-7fc5dc423000 rw-p 00000000 00:00 0 
7fc5dc423000-7fc5dc427000 ---p 00000000 00:00 0 
7fc5dc427000-7fc5dc524000 rw-p 00000000 00:00 0 
7fc5dc524000-7fc5dc528000 ---p 00000000 00:00 0 
7fc5dc528000-7fc5dc625000 rw-p 00000000 00:00 0 
7fc5dc625000-7fc5dc629000 ---p 00000000 00:00 0 
7fc5dc629000-7fc5dc726000 rw-p 00000000 00:00 0 
7fc5dc726000-7fc5dc72a000 ---p 00000000 00:00 0 
7fc5dc72a000-7fc5dc827000 rw-p 00000000 00:00 0 
7fc5dc827000-7fc5dc82b000 ---p 00000000 00:00 0 
7fc5dc82b000-7fc5dc928000 rw-p 00000000 00:00 0 
7fc5dc928000-7fc5dc92c000 ---p 00000000 00:00 0 
7fc5dc92c000-7fc5dca28000 rw-p 00000000 00:00 0 
7fc5dca28000-7fc5dca2d000 r--p 00000000 103:02 18118009                  /usr/lib/jvm/java-21-openjdk/lib/libjsvml.so
7fc5dca2d000-7fc5dca6e000 r-xp 00005000 103:02 18118009                  /usr/lib/jvm/java-21-openjdk/lib/libjsvml.so
7fc5dca6e000-7fc5dcaf7000 r--p 00046000 103:02 18118009                  /usr/lib/jvm/java-21-openjdk/lib/libjsvml.so
7fc5dcaf7000-7fc5dcaf8000 r--p 000ce000 103:02 18118009                  /usr/lib/jvm/java-21-openjdk/lib/libjsvml.so
7fc5dcaf8000-7fc5dcaf9000 rw-p 000cf000 103:02 18118009                  /usr/lib/jvm/java-21-openjdk/lib/libjsvml.so
7fc5dcaf9000-7fc5dcafa000 rw-p 00000000 00:00 0 
7fc5dcafa000-7fc5dcafe000 ---p 00000000 00:00 0 
7fc5dcafe000-7fc5dcbfb000 rw-p 00000000 00:00 0 
7fc5dcbfb000-7fc5dcbff000 ---p 00000000 00:00 0 
7fc5dcbff000-7fc5dccfc000 rw-p 00000000 00:00 0 
7fc5dccfc000-7fc5dcd00000 ---p 00000000 00:00 0 
7fc5dcd00000-7fc5dcdfd000 rw-p 00000000 00:00 0 
7fc5dcdfd000-7fc5dce01000 ---p 00000000 00:00 0 
7fc5dce01000-7fc5dcefe000 rw-p 00000000 00:00 0 
7fc5dcefe000-7fc5dcf02000 ---p 00000000 00:00 0 
7fc5dcf02000-7fc5dcfff000 rw-p 00000000 00:00 0 
7fc5dcfff000-7fc5dd003000 ---p 00000000 00:00 0 
7fc5dd003000-7fc5dd100000 rw-p 00000000 00:00 0 
7fc5dd100000-7fc5dd104000 ---p 00000000 00:00 0 
7fc5dd104000-7fc5dd200000 rw-p 00000000 00:00 0 
7fc5dd200000-7fc5dd4ed000 r--p 00000000 103:02 16687812                  /usr/lib/locale/locale-archive
7fc5dd4f5000-7fc5dd8f9000 rw-p 00000000 00:00 0 
7fc5dd8f9000-7fc5e049c000 rw-p 00000000 00:00 0 
7fc5e049c000-7fc5e4000000 ---p 00000000 00:00 0 
7fc5e4000000-7fc5e5286000 rw-p 00000000 00:00 0 
7fc5e5286000-7fc5e8000000 ---p 00000000 00:00 0 
7fc5e8000000-7fc5e8021000 rw-p 00000000 00:00 0 
7fc5e8021000-7fc5ec000000 ---p 00000000 00:00 0 
7fc5ec034000-7fc5ec037000 r--p 00000000 103:02 16661788                  /usr/lib/libnss_resolve.so.2
7fc5ec037000-7fc5ec06a000 r-xp 00003000 103:02 16661788                  /usr/lib/libnss_resolve.so.2
7fc5ec06a000-7fc5ec082000 r--p 00036000 103:02 16661788                  /usr/lib/libnss_resolve.so.2
7fc5ec082000-7fc5ec089000 r--p 0004e000 103:02 16661788                  /usr/lib/libnss_resolve.so.2
7fc5ec089000-7fc5ec08a000 rw-p 00055000 103:02 16661788                  /usr/lib/libnss_resolve.so.2
7fc5ec08a000-7fc5ec38d000 rw-p 00000000 00:00 0 
7fc5ec38d000-7fc5ec690000 rw-p 00000000 00:00 0 
7fc5ec690000-7fc5ed678000 rw-p 00000000 00:00 0 
7fc5ed678000-7fc5ed680000 ---p 00000000 00:00 0 
7fc5ed680000-7fc5ed690000 rw-p 00000000 00:00 0 
7fc5ed690000-7fc5f03f8000 ---p 00000000 00:00 0 
7fc5f03f8000-7fc5f0400000 rw-p 00000000 00:00 0 
7fc5f0400000-7fc5f1350000 rwxp 00000000 00:00 0 
7fc5f1350000-7fc5f7937000 ---p 00000000 00:00 0 
7fc5f7937000-7fc5f7ba7000 rwxp 00000000 00:00 0 
7fc5f7ba7000-7fc5f7ec9000 ---p 00000000 00:00 0 
7fc5f7ec9000-7fc5f83b9000 rwxp 00000000 00:00 0 
7fc5f83b9000-7fc5ff400000 ---p 00000000 00:00 0 
7fc5ff400000-7fc607f0b000 r--s 00000000 103:02 18118026                  /usr/lib/jvm/java-21-openjdk/lib/modules
7fc607f0c000-7fc607f10000 r--p 00000000 103:02 16661787                  /usr/lib/libnss_mymachines.so.2
7fc607f10000-7fc607f61000 r-xp 00004000 103:02 16661787                  /usr/lib/libnss_mymachines.so.2
7fc607f61000-7fc607f7b000 r--p 00055000 103:02 16661787                  /usr/lib/libnss_mymachines.so.2
7fc607f7b000-7fc607f7e000 r--p 0006f000 103:02 16661787                  /usr/lib/libnss_mymachines.so.2
7fc607f7e000-7fc607f7f000 rw-p 00072000 103:02 16661787                  /usr/lib/libnss_mymachines.so.2
7fc607f7f000-7fc608730000 rw-p 00000000 00:00 0 
7fc608730000-7fc60c000000 ---p 00000000 00:00 0 
7fc60c033000-7fc60c03a000 r--s 00000000 103:02 16687808                  /usr/lib/gconv/gconv-modules.cache
7fc60c03a000-7fc60c03b000 r--p 00000000 103:02 18117994                  /usr/lib/jvm/java-21-openjdk/lib/libextnet.so
7fc60c03b000-7fc60c03c000 r-xp 00001000 103:02 18117994                  /usr/lib/jvm/java-21-openjdk/lib/libextnet.so
7fc60c03c000-7fc60c03d000 r--p 00002000 103:02 18117994                  /usr/lib/jvm/java-21-openjdk/lib/libextnet.so
7fc60c03d000-7fc60c03e000 r--p 00002000 103:02 18117994                  /usr/lib/jvm/java-21-openjdk/lib/libextnet.so
7fc60c03e000-7fc60c03f000 rw-p 00003000 103:02 18117994                  /usr/lib/jvm/java-21-openjdk/lib/libextnet.so
7fc60c03f000-7fc60c043000 r--p 00000000 103:02 4992073                   /home/toji/.local/share/zed/extensions/work/java/jdtls/1.61.0/configuration/org.eclipse.equinox.launcher/org.eclipse.equinox.launcher.gtk.linux.x86_64_1.2.1600.v20260804-1928/eclipse_11924.so
7fc60c043000-7fc60c04d000 r-xp 00004000 103:02 4992073                   /home/toji/.local/share/zed/extensions/work/java/jdtls/1.61.0/configuration/org.eclipse.equinox.launcher/org.eclipse.equinox.launcher.gtk.linux.x86_64_1.2.1600.v20260804-1928/eclipse_11924.so
7fc60c04d000-7fc60c050000 r--p 0000e000 103:02 4992073                   /home/toji/.local/share/zed/extensions/work/java/jdtls/1.61.0/configuration/org.eclipse.equinox.launcher/org.eclipse.equinox.launcher.gtk.linux.x86_64_1.2.1600.v20260804-1928/eclipse_11924.so
7fc60c050000-7fc60c051000 r--p 00010000 103:02 4992073                   /home/toji/.local/share/zed/extensions/work/java/jdtls/1.61.0/configuration/org.eclipse.equinox.launcher/org.eclipse.equinox.launcher.gtk.linux.x86_64_1.2.1600.v20260804-1928/eclipse_11924.so
7fc60c051000-7fc60c052000 rw-p 00011000 103:02 4992073                   /home/toji/.local/share/zed/extensions/work/java/jdtls/1.61.0/configuration/org.eclipse.equinox.launcher/org.eclipse.equinox.launcher.gtk.linux.x86_64_1.2.1600.v20260804-1928/eclipse_11924.so
7fc60c052000-7fc60c053000 rw-p 00000000 00:00 0 
7fc60c053000-7fc60c05a000 r--p 00000000 103:02 18118017                  /usr/lib/jvm/java-21-openjdk/lib/libnio.so
7fc60c05a000-7fc60c063000 r-xp 00007000 103:02 18118017                  /usr/lib/jvm/java-21-openjdk/lib/libnio.so
7fc60c063000-7fc60c067000 r--p 00010000 103:02 18118017                  /usr/lib/jvm/java-21-openjdk/lib/libnio.so
7fc60c067000-7fc60c068000 r--p 00014000 103:02 18118017                  /usr/lib/jvm/java-21-openjdk/lib/libnio.so
7fc60c068000-7fc60c069000 rw-p 00015000 103:02 18118017                  /usr/lib/jvm/java-21-openjdk/lib/libnio.so
7fc60c069000-7fc60c2c1000 rw-p 00000000 00:00 0 
7fc60c2c1000-7fc60c2c2000 ---p 00000000 00:00 0 
7fc60c2c2000-7fc60c2c4000 rw-p 00000000 00:00 0 
7fc60c2c4000-7fc60c871000 ---p 00000000 00:00 0 
7fc60c871000-7fc60ca6f000 rw-p 00000000 00:00 0 
7fc60ca6f000-7fc60ca70000 ---p 00000000 00:00 0 
7fc60ca70000-7fc60ca72000 rw-p 00000000 00:00 0 
7fc60ca72000-7fc60d01f000 ---p 00000000 00:00 0 
7fc60d01f000-7fc60da34000 rw-p 00000000 00:00 0 
7fc60da34000-7fc60db15000 ---p 00000000 00:00 0 
7fc60db15000-7fc60db34000 rw-p 00000000 00:00 0 
7fc60db34000-7fc60dc00000 ---p 00000000 00:00 0 
7fc60dc00000-7fc60dc9a000 r--p 00000000 103:02 16650035                  /usr/lib/libstdc++.so.6.0.36
7fc60dc9a000-7fc60de78000 r-xp 0009a000 103:02 16650035                  /usr/lib/libstdc++.so.6.0.36
7fc60de78000-7fc60df17000 r--p 00278000 103:02 16650035                  /usr/lib/libstdc++.so.6.0.36
7fc60df17000-7fc60df28000 r--p 00317000 103:02 16650035                  /usr/lib/libstdc++.so.6.0.36
7fc60df28000-7fc60df29000 rw-p 00328000 103:02 16650035                  /usr/lib/libstdc++.so.6.0.36
7fc60df29000-7fc60df2d000 rw-p 00000000 00:00 0 
7fc60df2d000-7fc60df2e000 r--p 00000000 103:02 16649223                  /usr/lib/libdl.so.2
7fc60df2e000-7fc60df2f000 r-xp 00001000 103:02 16649223                  /usr/lib/libdl.so.2
7fc60df2f000-7fc60df30000 r--p 00002000 103:02 16649223                  /usr/lib/libdl.so.2
7fc60df30000-7fc60df31000 r--p 00002000 103:02 16649223                  /usr/lib/libdl.so.2
7fc60df31000-7fc60df32000 rw-p 00003000 103:02 16649223                  /usr/lib/libdl.so.2
7fc60df32000-7fc60df34000 r--p 00000000 103:02 18118024                  /usr/lib/jvm/java-21-openjdk/lib/libverify.so
7fc60df34000-7fc60df3b000 r-xp 00002000 103:02 18118024                  /usr/lib/jvm/java-21-openjdk/lib/libverify.so
7fc60df3b000-7fc60df3d000 r--p 00009000 103:02 18118024                  /usr/lib/jvm/java-21-openjdk/lib/libverify.so
7fc60df3d000-7fc60df3f000 r--p 0000a000 103:02 18118024                  /usr/lib/jvm/java-21-openjdk/lib/libverify.so
7fc60df3f000-7fc60df40000 rw-p 0000c000 103:02 18118024                  /usr/lib/jvm/java-21-openjdk/lib/libverify.so
7fc60df40000-7fc60e000000 rw-p 00000000 00:00 0 
7fc60e000000-7fc60e010000 r--p 00000000 103:02 18118038                  /usr/lib/jvm/java-21-openjdk/lib/server/libjvm.so
7fc60e010000-7fc60f058000 r-xp 00010000 103:02 18118038                  /usr/lib/jvm/java-21-openjdk/lib/server/libjvm.so
7fc60f058000-7fc60f350000 r--p 01058000 103:02 18118038                  /usr/lib/jvm/java-21-openjdk/lib/server/libjvm.so
7fc60f350000-7fc60f426000 r--p 0134f000 103:02 18118038                  /usr/lib/jvm/java-21-openjdk/lib/server/libjvm.so
7fc60f426000-7fc60f456000 rw-p 01425000 103:02 18118038                  /usr/lib/jvm/java-21-openjdk/lib/server/libjvm.so
7fc60f456000-7fc60f4bc000 rw-p 00000000 00:00 0 
7fc60f4be000-7fc60f4c1000 r--p 00000000 103:02 18118016                  /usr/lib/jvm/java-21-openjdk/lib/libnet.so
7fc60f4c1000-7fc60f4c9000 r-xp 00003000 103:02 18118016                  /usr/lib/jvm/java-21-openjdk/lib/libnet.so
7fc60f4c9000-7fc60f4cb000 r--p 0000b000 103:02 18118016                  /usr/lib/jvm/java-21-openjdk/lib/libnet.so
7fc60f4cb000-7fc60f4cc000 r--p 0000d000 103:02 18118016                  /usr/lib/jvm/java-21-openjdk/lib/libnet.so
7fc60f4cc000-7fc60f4cd000 rw-p 0000e000 103:02 18118016                  /usr/lib/jvm/java-21-openjdk/lib/libnet.so
7fc60f4cd000-7fc60f4cf000 r--p 00000000 103:02 18118025                  /usr/lib/jvm/java-21-openjdk/lib/libzip.so
7fc60f4cf000-7fc60f4e2000 r-xp 00002000 103:02 18118025                  /usr/lib/jvm/java-21-openjdk/lib/libzip.so
7fc60f4e2000-7fc60f4ea000 r--p 00015000 103:02 18118025                  /usr/lib/jvm/java-21-openjdk/lib/libzip.so
7fc60f4ea000-7fc60f4eb000 r--p 0001c000 103:02 18118025                  /usr/lib/jvm/java-21-openjdk/lib/libzip.so
7fc60f4eb000-7fc60f4ec000 rw-p 0001d000 103:02 18118025                  /usr/lib/jvm/java-21-openjdk/lib/libzip.so
7fc60f4ec000-7fc60f4f1000 rw-p 00000000 00:00 0 
7fc60f4f1000-7fc60f4f8000 ---p 00000000 00:00 0 
7fc60f4f8000-7fc60f500000 rw-s 00000000 00:26 1361                       /tmp/hsperfdata_toji/21960
7fc60f500000-7fc60f504000 ---p 00000000 00:00 0 
7fc60f504000-7fc60f600000 rw-p 00000000 00:00 0 
7fc60f600000-7fc60f624000 r--p 00000000 103:02 16649218                  /usr/lib/libc.so.6
7fc60f624000-7fc60f7d4000 r-xp 00024000 103:02 16649218                  /usr/lib/libc.so.6
7fc60f7d4000-7fc60f84c000 r--p 001d4000 103:02 16649218                  /usr/lib/libc.so.6
7fc60f84c000-7fc60f850000 r--p 0024c000 103:02 16649218                  /usr/lib/libc.so.6
7fc60f850000-7fc60f852000 rw-p 00250000 103:02 16649218                  /usr/lib/libc.so.6
7fc60f852000-7fc60f85a000 rw-p 00000000 00:00 0 
7fc60f85a000-7fc60f85b000 r--p 00000000 103:02 16649245                  /usr/lib/libpthread.so.0
7fc60f85b000-7fc60f85c000 r-xp 00001000 103:02 16649245                  /usr/lib/libpthread.so.0
7fc60f85c000-7fc60f85d000 r--p 00002000 103:02 16649245                  /usr/lib/libpthread.so.0
7fc60f85d000-7fc60f85e000 r--p 00002000 103:02 16649245                  /usr/lib/libpthread.so.0
7fc60f85e000-7fc60f85f000 rw-p 00003000 103:02 16649245                  /usr/lib/libpthread.so.0
7fc60f85f000-7fc60f869000 r--p 00000000 103:02 18118001                  /usr/lib/jvm/java-21-openjdk/lib/libjava.so
7fc60f869000-7fc60f878000 r-xp 0000a000 103:02 18118001                  /usr/lib/jvm/java-21-openjdk/lib/libjava.so
7fc60f878000-7fc60f87e000 r--p 00019000 103:02 18118001                  /usr/lib/jvm/java-21-openjdk/lib/libjava.so
7fc60f87e000-7fc60f87f000 r--p 0001e000 103:02 18118001                  /usr/lib/jvm/java-21-openjdk/lib/libjava.so
7fc60f87f000-7fc60f880000 rw-p 0001f000 103:02 18118001                  /usr/lib/jvm/java-21-openjdk/lib/libjava.so
7fc60f880000-7fc60f881000 rw-p 00000000 00:00 0 
7fc60f881000-7fc60f883000 r--p 00000000 103:02 18117996                  /usr/lib/jvm/java-21-openjdk/lib/libinstrument.so
7fc60f883000-7fc60f88a000 r-xp 00002000 103:02 18117996                  /usr/lib/jvm/java-21-openjdk/lib/libinstrument.so
7fc60f88a000-7fc60f88d000 r--p 00009000 103:02 18117996                  /usr/lib/jvm/java-21-openjdk/lib/libinstrument.so
7fc60f88d000-7fc60f88e000 r--p 0000c000 103:02 18117996                  /usr/lib/jvm/java-21-openjdk/lib/libinstrument.so
7fc60f88e000-7fc60f88f000 rw-p 0000d000 103:02 18117996                  /usr/lib/jvm/java-21-openjdk/lib/libinstrument.so
7fc60f88f000-7fc60f890000 ---p 00000000 00:00 0 
7fc60f890000-7fc60f891000 r--p 00000000 00:00 0 
7fc60f891000-7fc60f892000 ---p 00000000 00:00 0 
7fc60f892000-7fc60f893000 r--p 00000000 103:02 18118005                  /usr/lib/jvm/java-21-openjdk/lib/libjimage.so
7fc60f893000-7fc60f896000 r-xp 00001000 103:02 18118005                  /usr/lib/jvm/java-21-openjdk/lib/libjimage.so
7fc60f896000-7fc60f897000 r--p 00004000 103:02 18118005                  /usr/lib/jvm/java-21-openjdk/lib/libjimage.so
7fc60f897000-7fc60f898000 r--p 00005000 103:02 18118005                  /usr/lib/jvm/java-21-openjdk/lib/libjimage.so
7fc60f898000-7fc60f899000 rw-p 00006000 103:02 18118005                  /usr/lib/jvm/java-21-openjdk/lib/libjimage.so
7fc60f899000-7fc60f89d000 r--p 00000000 103:02 16650030                  /usr/lib/libgcc_s.so.1
7fc60f89d000-7fc60f8c9000 r-xp 00004000 103:02 16650030                  /usr/lib/libgcc_s.so.1
7fc60f8c9000-7fc60f8cd000 r--p 00030000 103:02 16650030                  /usr/lib/libgcc_s.so.1
7fc60f8cd000-7fc60f8ce000 r--p 00034000 103:02 16650030                  /usr/lib/libgcc_s.so.1
7fc60f8ce000-7fc60f8cf000 rw-p 00035000 103:02 16650030                  /usr/lib/libgcc_s.so.1
7fc60f8cf000-7fc60f8df000 r--p 00000000 103:02 16649228                  /usr/lib/libm.so.6
7fc60f8df000-7fc60f975000 r-xp 00010000 103:02 16649228                  /usr/lib/libm.so.6
7fc60f975000-7fc60f9d5000 r--p 000a6000 103:02 16649228                  /usr/lib/libm.so.6
7fc60f9d5000-7fc60f9d6000 r--p 00105000 103:02 16649228                  /usr/lib/libm.so.6
7fc60f9d6000-7fc60f9d7000 rw-p 00106000 103:02 16649228                  /usr/lib/libm.so.6
7fc60f9d7000-7fc60f9da000 rw-p 00000000 00:00 0 
7fc60f9da000-7fc60f9dc000 r--p 00000000 103:02 18118006                  /usr/lib/jvm/java-21-openjdk/lib/libjli.so
7fc60f9dc000-7fc60f9ee000 r-xp 00002000 103:02 18118006                  /usr/lib/jvm/java-21-openjdk/lib/libjli.so
7fc60f9ee000-7fc60f9f5000 r--p 00014000 103:02 18118006                  /usr/lib/jvm/java-21-openjdk/lib/libjli.so
7fc60f9f5000-7fc60f9f6000 r--p 0001a000 103:02 18118006                  /usr/lib/jvm/java-21-openjdk/lib/libjli.so
7fc60f9f6000-7fc60f9f7000 rw-p 0001b000 103:02 18118006                  /usr/lib/jvm/java-21-openjdk/lib/libjli.so
7fc60f9f7000-7fc60f9f9000 rw-p 00000000 00:00 0 
7fc60f9f9000-7fc60fa2a000 r--p 00000000 103:02 13369370                  /etc/ld.so.cache
7fc60fa2a000-7fc60fa2e000 r--p 00000000 00:00 0                          [vvar]
7fc60fa2e000-7fc60fa30000 r--p 00000000 00:00 0                          [vvar_vclock]
7fc60fa30000-7fc60fa32000 r-xp 00000000 00:00 0                          [vdso]
7fc60fa32000-7fc60fa33000 r--p 00000000 103:02 16649209                  /usr/lib/ld-linux-x86-64.so.2
7fc60fa33000-7fc60fa65000 r-xp 00001000 103:02 16649209                  /usr/lib/ld-linux-x86-64.so.2
7fc60fa65000-7fc60fa75000 r--p 00033000 103:02 16649209                  /usr/lib/ld-linux-x86-64.so.2
7fc60fa75000-7fc60fa77000 r--p 00042000 103:02 16649209                  /usr/lib/ld-linux-x86-64.so.2
7fc60fa77000-7fc60fa78000 rw-p 00044000 103:02 16649209                  /usr/lib/ld-linux-x86-64.so.2
7fc60fa78000-7fc60fa79000 rw-p 00000000 00:00 0 
7fff430e0000-7fff43101000 rw-p 00000000 00:00 0                          [stack]
ffffffffff600000-ffffffffff601000 --xp 00000000 00:00 0                  [vsyscall]
Total number of mappings: 329

JVMTI agents:
/home/toji/.local/share/zed/extensions/work/java/lombok/lombok-1.18.48.jar path:none, loaded, initialized, instrumentlib options:none


VM Arguments:
jvm_args: -Declipse.application=org.eclipse.jdt.ls.core.id1 -Dosgi.bundles.defaultStartLevel=4 -Declipse.product=org.eclipse.jdt.ls.core.product -Dosgi.checkConfiguration=true -Dosgi.sharedConfiguration.area=/home/toji/.local/share/zed/extensions/work/java/jdtls/1.61.0/config_linux -Dosgi.sharedConfiguration.area.readOnly=true -Dosgi.configuration.cascaded=true -Djava.import.generatesMetadataFilesAtProjectRoot=false -Djava.net.preferIPv4Stack=true -Xms1G --add-modules=ALL-SYSTEM --add-opens=java.base/java.util=ALL-UNNAMED --add-opens=java.base/java.lang=ALL-UNNAMED -javaagent:/home/toji/.local/share/zed/extensions/work/java/lombok/lombok-1.18.48.jar 
java_command: /home/toji/.local/share/zed/extensions/work/java/jdtls/1.61.0/plugins/org.eclipse.equinox.launcher_1.8.0.v20260804-1928.jar -data /home/toji/.cache/jdtls-73e57a5a14ff6c1095b3e3e7bf90172e13ca8f39
java_class_path (initial): /home/toji/.local/share/zed/extensions/work/java/jdtls/1.61.0/plugins/org.eclipse.equinox.launcher_1.8.0.v20260804-1928.jar
Launcher Type: SUN_STANDARD

[Global flags]
     intx CICompilerCount                          = 4                                         {product} {ergonomic}
     uint ConcGCThreads                            = 3                                         {product} {ergonomic}
     uint G1ConcRefinementThreads                  = 10                                        {product} {ergonomic}
   size_t G1HeapRegionSize                         = 2097152                                   {product} {ergonomic}
    uintx GCDrainStackTargetSize                   = 64                                        {product} {ergonomic}
   size_t InitialHeapSize                          = 1073741824                                {product} {command line}
   size_t MarkStackSize                            = 4194304                                   {product} {ergonomic}
   size_t MaxHeapSize                              = 4123000832                                {product} {ergonomic}
   size_t MaxNewSize                               = 2472542208                                {product} {ergonomic}
   size_t MinHeapDeltaBytes                        = 2097152                                   {product} {ergonomic}
   size_t MinHeapSize                              = 1073741824                                {product} {command line}
    uintx NonNMethodCodeHeapSize                   = 5839372                                {pd product} {ergonomic}
    uintx NonProfiledCodeHeapSize                  = 122909434                              {pd product} {ergonomic}
    uintx ProfiledCodeHeapSize                     = 122909434                              {pd product} {ergonomic}
    uintx ReservedCodeCacheSize                    = 251658240                              {pd product} {ergonomic}
     bool SegmentedCodeCache                       = true                                      {product} {ergonomic}
   size_t SoftMaxHeapSize                          = 4123000832                             {manageable} {ergonomic}
     bool UseCompressedOops                        = true                           {product lp64_product} {ergonomic}
     bool UseG1GC                                  = true                                      {product} {ergonomic}

Logging:
Log output configuration:
 #0: stdout all=warning uptime,level,tags foldmultilines=false
 #1: stderr all=off uptime,level,tags foldmultilines=false

Release file:
IMPLEMENTOR="Arch Linux"
JAVA_RUNTIME_VERSION="21.0.12+8"
JAVA_VERSION="21.0.12"
JAVA_VERSION_DATE="2026-07-21"
LIBC="gnu"
MODULES="java.base java.compiler java.datatransfer java.xml java.prefs java.desktop java.instrument java.logging java.management java.security.sasl java.naming java.rmi java.management.rmi java.net.http java.scripting java.security.jgss java.transaction.xa java.sql java.sql.rowset java.xml.crypto java.se java.smartcardio jdk.accessibility jdk.internal.jvmstat jdk.attach jdk.charsets jdk.internal.opt jdk.zipfs jdk.compiler jdk.crypto.ec jdk.crypto.cryptoki jdk.dynalink jdk.internal.ed jdk.editpad jdk.hotspot.agent jdk.httpserver jdk.incubator.vector jdk.internal.le jdk.internal.vm.ci jdk.internal.vm.compiler jdk.internal.vm.compiler.management jdk.jartool jdk.javadoc jdk.jcmd jdk.management jdk.management.agent jdk.jconsole jdk.jdeps jdk.jdwp.agent jdk.jdi jdk.jfr jdk.jlink jdk.jpackage jdk.jshell jdk.jsobject jdk.jstatd jdk.localedata jdk.management.jfr jdk.naming.dns jdk.naming.rmi jdk.net jdk.nio.mapmode jdk.random jdk.sctp jdk.security.auth jdk.security.jgss jdk.unsupported jdk.unsupported.desktop jdk.xml.dom"
OS_ARCH="x86_64"
OS_NAME="Linux"
SOURCE=""

Environment Variables:
PATH=/home/toji/.local/bin:/home/toji/.local/bin:/usr/local/bin:/usr/bin:/bin:/usr/local/sbin:/usr/lib/jvm/default/bin:/usr/bin/site_perl:/usr/bin/vendor_perl:/usr/bin/core_perl
LD_LIBRARY_PATH=
SHELL=/usr/bin/zsh
DISPLAY=:0
WAYLAND_DISPLAY=wayland-0
LANG=en_US.UTF-8
LC_NUMERIC=en_US.UTF-8
LC_TIME=en_US.UTF-8

Active Locale:
LC_ALL=en_US.UTF-8
LC_COLLATE=en_US.UTF-8
LC_CTYPE=en_US.UTF-8
LC_MESSAGES=en_US.UTF-8
LC_MONETARY=en_US.UTF-8
LC_NUMERIC=en_US.UTF-8
LC_TIME=en_US.UTF-8

Signal Handlers:
   SIGSEGV: 0x00007fc60ef3ff50 in libjvm.so+15990608, mask=11100100010111111101111111111110, flags=SA_RESTART|SA_SIGINFO, unblocked
    SIGBUS: 0x00007fc60ef3ff50 in libjvm.so+15990608, mask=11100100010111111101111111111110, flags=SA_RESTART|SA_SIGINFO, unblocked
    SIGFPE: 0x00007fc60ef3ff50 in libjvm.so+15990608, mask=11100100010111111101111111111110, flags=SA_RESTART|SA_SIGINFO, unblocked
   SIGPIPE: 0x00007fc60ed7c510 in libjvm.so+14140688, mask=11100100010111111101111111111110, flags=SA_RESTART|SA_SIGINFO, blocked
   SIGXFSZ: 0x00007fc60ed7c510 in libjvm.so+14140688, mask=11100100010111111101111111111110, flags=SA_RESTART|SA_SIGINFO, blocked
    SIGILL: 0x00007fc60ef3ff50 in libjvm.so+15990608, mask=11100100010111111101111111111110, flags=SA_RESTART|SA_SIGINFO, unblocked
   SIGUSR2: 0x00007fc60ed7de70 in libjvm.so+14147184, mask=00000000000000000000000000000000, flags=SA_RESTART|SA_SIGINFO, blocked
    SIGHUP: 0x00007fc60ed7b7f0 in libjvm.so+14137328, mask=11100100010111111101111111111110, flags=SA_RESTART|SA_SIGINFO, blocked
    SIGINT: 0x00007fc60ed7b7f0 in libjvm.so+14137328, mask=11100100010111111101111111111110, flags=SA_RESTART|SA_SIGINFO, blocked
   SIGTERM: 0x00007fc60ed7b7f0 in libjvm.so+14137328, mask=11100100010111111101111111111110, flags=SA_RESTART|SA_SIGINFO, blocked
   SIGQUIT: 0x00007fc60ed7b7f0 in libjvm.so+14137328, mask=11100100010111111101111111111110, flags=SA_RESTART|SA_SIGINFO, blocked
   SIGTRAP: 0x00007fc60ef3ff50 in libjvm.so+15990608, mask=11100100010111111101111111111110, flags=SA_RESTART|SA_SIGINFO, unblocked


Periodic native trim disabled

---------------  S Y S T E M  ---------------

OS:
DISTRIB_ID=cachyos
DISTRIB_RELEASE="rolling"
DISTRIB_DESCRIPTION="CachyOS"
uname: Linux 6.18.48-1-cachyos-lts #1 SMP PREEMPT_DYNAMIC Tue, 01 Sep 2026 08:17:08 +0000 x86_64
OS uptime: 0 days 1:46 hours
libc: glibc 2.44 NPTL 2.44 
rlimit (soft/hard): STACK 8192k/infinity , CORE infinity/infinity , NPROC 62771/62771 , NOFILE 1048576/1048576 , AS infinity/infinity , CPU infinity/infinity , DATA infinity/infinity , FSIZE infinity/infinity , MEMLOCK 8192k/8192k
load average: 1.48 1.01 0.89

/proc/meminfo:
MemTotal:       16099488 kB
MemFree:         3576236 kB
MemAvailable:    6811788 kB
Buffers:          115408 kB
Cached:          4819644 kB
SwapCached:         1256 kB
Active:          6095664 kB
Inactive:        4594036 kB
Active(anon):    5238604 kB
Inactive(anon):  2062936 kB
Active(file):     857060 kB
Inactive(file):  2531100 kB
Unevictable:      959524 kB
Mlocked:             144 kB
SwapTotal:      16099324 kB
SwapFree:       15726016 kB
Zswap:                 0 kB
Zswapped:              0 kB
Dirty:              8660 kB
Writeback:             0 kB
AnonPages:       6559892 kB
Mapped:           973204 kB
Shmem:           1547072 kB
KReclaimable:     192288 kB
Slab:             373680 kB
SReclaimable:     192288 kB
SUnreclaim:       181392 kB
KernelStack:       28048 kB
PageTables:       108204 kB
SecPageTables:      2056 kB
NFS_Unstable:          0 kB
Bounce:                0 kB
WritebackTmp:          0 kB
CommitLimit:    24149068 kB
Committed_AS:   48666328 kB
VmallocTotal:   34359738367 kB
VmallocUsed:      174900 kB
VmallocChunk:          0 kB
Percpu:            11712 kB
HardwareCorrupted:     0 kB
AnonHugePages:    860160 kB
ShmemHugePages:  1021952 kB
ShmemPmdMapped:        0 kB
FileHugePages:    198656 kB
FilePmdMapped:    124928 kB
CmaTotal:              0 kB
CmaFree:               0 kB
Unaccepted:            0 kB
Balloon:               0 kB
HugePages_Total:       0
HugePages_Free:        0
HugePages_Rsvd:        0
HugePages_Surp:        0
Hugepagesize:       2048 kB
Hugetlb:               0 kB
DirectMap4k:      239740 kB
DirectMap2M:     4739072 kB
DirectMap1G:    11534336 kB

/sys/kernel/mm/transparent_hugepage/enabled: [always] madvise never
/sys/kernel/mm/transparent_hugepage/hpage_pmd_size: 2097152
/sys/kernel/mm/transparent_hugepage/defrag (defrag/compaction efforts parameter): always defer [defer+madvise] madvise never

Process Memory:
Virtual Size: 6646332K (peak: 6651204K)
Resident Set Size: 792508K (peak: 792508K) (anon: 757796K, file: 34680K, shmem: 32K)
Swapped out: 0K
C-Heap outstanding allocations: 105539K, retained: 40600K
glibc malloc tunables: (default)

/proc/sys/kernel/threads-max (system-wide limit on the number of threads): 125542
/proc/sys/vm/max_map_count (maximum number of memory map areas a process may have): 1048576
/proc/sys/vm/swappiness (control to define how aggressively the kernel swaps out anonymous memory): 150
/proc/sys/kernel/pid_max (system-wide limit on number of process identifiers): 4194304

container information not found.
Steal ticks since vm start: 0
Steal ticks percentage since vm start:  0.000

CPU: total 12 (initial active 12) (6 cores per cpu, 2 threads per core) family 6 model 154 stepping 3 microcode 0x43b, cx8, cmov, fxsr, ht, mmx, 3dnowpref, sse, sse2, sse3, ssse3, sse4.1, sse4.2, popcnt, lzcnt, tsc, tscinvbit, avx, avx2, aes, erms, clmul, bmi1, bmi2, adx, sha, fma, vzeroupper, clflush, clflushopt, clwb, serialize, rdtscp, rdpid, fsrm, f16c, pku, ospke, cet_ibt, cet_ss
CPU Model and flags from /proc/cpuinfo:
model name	: 12th Gen Intel(R) Core(TM) i5-12450H
flags		: fpu vme de pse tsc msr pae mce cx8 apic sep mtrr pge mca cmov pat pse36 clflush dts acpi mmx fxsr sse sse2 ss ht tm pbe syscall nx pdpe1gb rdtscp lm constant_tsc art arch_perfmon pebs bts rep_good nopl xtopology nonstop_tsc cpuid aperfmperf tsc_known_freq pni pclmulqdq dtes64 monitor ds_cpl vmx smx est tm2 ssse3 sdbg fma cx16 xtpr pdcm pcid sse4_1 sse4_2 x2apic movbe popcnt tsc_deadline_timer aes xsave avx f16c rdrand lahf_lm abm 3dnowprefetch cpuid_fault epb ssbd ibrs ibpb stibp ibrs_enhanced tpr_shadow flexpriority ept vpid ept_ad fsgsbase tsc_adjust bmi1 avx2 smep bmi2 erms invpcid rdseed adx smap clflushopt clwb intel_pt sha_ni xsaveopt xsavec xgetbv1 xsaves split_lock_detect user_shstk avx_vnni dtherm arat pln pts hwp hwp_notify hwp_act_window hwp_epp hwp_pkg_req hfi vnmi umip pku ospke waitpkg gfni vaes vpclmulqdq rdpid movdiri movdir64b fsrm md_clear serialize arch_lbr ibt flush_l1d arch_capabilities

Online cpus: 0-11
Offline cpus: 
BIOS frequency limitation: <Not Available>
Frequency switch latency (ns): 0
Available cpu frequencies: <Not Available>
Current governor: powersave
Core performance/turbo boost: <Not Available>

Memory: 4k page, physical 16099488k(6811788k free), swap 16099324k(15726016k free)
Page Sizes: 4k

vm_info: OpenJDK 64-Bit Server VM (21.0.12+8) for linux-amd64 JRE (21.0.12+8), built on 2026-07-25T21:08:43Z by "notroot" with gcc 16.1.1 20260625

END.
